Team ID 1,College,Team Name
1,#N/A,Team 1
48,"Indian Institute of Management, Calcutta",Team 48
67,"Indian Institute of Technology, Delhi",Team 67
71,"Indian Institute of Management, Calcutta",Team 71
116,"Indian Institute of Management, Kozhikode",Team 116
121,"Institute of Technology and Management, Gwalior",Team 121
124,"Indian Institute of Technology, Kharagpur",Team 124
150,"Indian Institute of Technology, Kanpur",Team 150
154,"Indian Institute of Technology, Roorkee",Team 154
158,"Lady Sri Ram College for women, Delhi",Team 158
160,"Indian Institute of Management, Kozhikode",Team 160
161,RV College of Engineering,Team 161
167,"ABES Engineering College,  Ghaziabad",Team 167
170,"Indian Institute of Technology, Kanpur",Team 170
171,"College of Arts and Crafts, Patna University",Team 171
174,"Indian Institute of Technology, Delhi",Team 174
181,"Indian Institute of Technology, Delhi",Team 181
202,"Indian Institute of Management, Lucknow",Team 202
219,"Mahatma Gandhi Institute of Technology, Hyderabad",Team 219
224,Lucknow University,Team 224
232,"Indian Institute of Technology, Kanpur",Team 232
241,"Indian Institute of Technology, Kanpur",Team 241
243,"Indian Institute of Management, Indore",Team 243
257,"Indian Institute of Technology, Kanpur",Team 257
260,"Indian Institute of Management, Kozhikode",Team 260
271,"Raajdhani Engineering College, Bhubaneshwar",Team 271
275,I.T.S. Engineering College,Team 275
281,"Indian School of Mines, Dhanbad",Team 281
286,LJ Institute Of Engineering & Technoloogy,Team 286
289,Rajlakshmi Engineering College,Team 289
299,"Indian Institute of Technology, Kanpur",Team 299
307,"Delhi College of Arts and Commerce, Delhi",Team 307
313,"G.B Pant Government Engineering College, New Delhi",Team 313
315,"Indian School of Business (ISB), Hyderabad",Team 315
328,"Gandhi Institute of Technology and Management University (GITAM),Vishakhapatnam",Team 328
333,"The Maharaja Sayajirao University, Baroda",Team 333
343,"Netaji Subhash Institute of Technology, Delhi",Team 343
345,"Dayanand Ayurvedic College and Hospital, Jalandhar",Team 345
364,Lucknow University,Team 364
365,APG Shimla University,Team 365
367,"Birla Institute of Technology and Science (BITS), Pilani",Team 367
370,"Amity University, Lucknow",Team 370
374,"Lovely Professional University,Punjab",Team 374
376,Vidyalankar Institute of Technology,Team 376
382,"Indian Institute of Management, Lucknow",Team 382
383,"Campus Law Institute University, Delhi",Team 383
384,Medicaps Group of Institutions,Team 384
385,"Indian Institute of Technology, Guwahati",Team 385
388,"CVR  college of engineering, Hyderabad",Team 388
390,"Government Law College, Mumbai",Team 390
391,"Sir Padampat Singhania University, Udaipur",Team 391
392,"Indian Institute of Management, Rohtak",Team 392
394,"Jesus & Mary College, Delhi",Team 394
395,"Birla Institute of Technology, Ranchi",Team 395
403,DBACER,Team 403
409,"Indian Institute of Technology, Kanpur",Team 409
420,"Indian School of Business (ISB), Hyderabad",Team 420
424,"Indian Institute of Management, Rohtak",Team 424
439,"Indian Institute of Management, Lucknow",Team 439
443,"Sir Padampat Singhania University, Udaipur",Team 443
447,Army Institute of Technology,Team 447
448,"Indian Institute of Management, Rohtak",Team 448
449,"Indian Institute of Management, Rohtak",Team 449
456,"S.P. Jain Institute of Management and Research (SPJIMR), Mumbai",Team 456
461,"Indian Institute of Management, Lucknow",Team 461
464,"Indian Institute of Management, Kozhikode",Team 464
469,"Indian Institute of Management, Kozhikode",Team 469
472,"Symbiosis Society's Law College, Pune",Team 472
478,"Indian Institute of Aeronautical Engineering & Information Technology,Pune",Team 478
484,"Indian Institute of Management, Shillong",Team 484
489,SSR Institute of Management & Research,Team 489
492,"Shri Ram College of Commerce (SRCC), Delhi",Team 492
497,Koneru Lakshmaiha University,Team 497
499,"National Institute of Technology, Raipur",Team 499
502,"Indian Institute of Technology, Delhi",Team 502
509,"Pandit Deendayal Petroleum University, Gandhinagar",Team 509
517,"Narsee Monjee College of commerce and ecnomics, Mumbai",Team 517
518,"Gujarat National Law University, Gandhinagar",Team 518
520,"Indian Institute of Management, Tiruchirapally",Team 520
523,"Maharishi Arvind Institute Of Hotel Management, Jaipur",Team 523
525,"Zakir Husain College of Engineering and Technology, Aligarh",Team 525
528,"Krishna Engineering College, Ghaziabad",Team 528
538,"Indian Institute of Management, Rohtak",Team 538
542,"Indian Institute of Management, Lucknow",Team 542
547,"Indian Institute of Management, Bangalore",Team 547
559,"Chaitanya Bharathi Institute of Technology, Hyderabad",Team 559
562,"Indian Institute of Management, Bangalore",Team 562
563,"Indian Institute of Technology, Kanpur",Team 563
566,Vasavi College of Engineering,Team 566
569,"Delhi technological university, Delhi",Team 569
575,"Hidayatullah National Law University, Raipur",Team 575
576,"Jaipuria Institute of Management, Indore",Team 576
579,"Zakir Husain College of Engineering and Technology, Aligarh",Team 579
582,"Institute of technology ,BHU, Banaras",Team 582
585,"Birla Institute of Technology and Science (BITS), Pilani",Team 585
586,"National Law University, Odisha",Team 586
595,"Easwari Engineering College,Chennai",Team 595
596,"Indian Institute of Technology, Delhi",Team 596
597,"Indian Institute of Management, Tiruchirapally",Team 597
605,"Indian Institute of Technology, Madras",Team 605
623,"Zakir Husain College of Engineering and Technology, Aligarh",Team 623
626,"Sri Sairam Engineering College, Chennai",Team 626
627,"Indian Institute of Management, Ahmedabad",Team 627
635,"Indian Institute of Management, Bangalore",Team 635
638,"Indian Institute of Technology, Kanpur",Team 638
641,"Indian Institute of Technology, Madras",Team 641
642,"Hindustan College of Science and Technology, Mathura",Team 642
651,"Rachana Sansad's Academy of Architecture, Mumbai",Team 651
652,"Chaitanya Bharathi Institute of Technology, Hyderabad",Team 652
659,"Indian Institute of Technology, Mumbai",Team 659
660,"Rachana Sansad's Academy of Architecture, Mumbai",Team 660
664,"Sparta Institute of Technology & Management, Bhopal",Team 664
665,"Indian Institute of Technology, Madras",Team 665
676,"Indian Institute of Technology, Kanpur",Team 676
678,"Indian Institute of Technology, Delhi",Team 678
679,"Indian Institute of Technology, Madras",Team 679
682,"Indian Institute of Management, Rohtak",Team 682
692,"Rachana Sansad's Academy of Architecture, Mumbai",Team 692
695,"Indian Institute of Management, Lucknow",Team 695
700,"Zakir Husain College of Engineering and Technology, Aligarh",Team 700
701,"Management Development Institute (MDI), Gurgaon",Team 701
702,"Indian Institute of Technology, Madras",Team 702
708,"Indian Institute of Management, Rohtak",Team 708
709,"Indian Institute of Management, Rohtak",Team 709
718,"Indian Institute of Technology, Madras",Team 718
721,"Government Law College, Mumbai",Team 721
722,"PSG College of Technology, Coimbatore",Team 722
724,"Indian Institute of Technology, Kharagpur",Team 724
726,"Indian Institute of Technology, Guwahati",Team 726
732,"Indian Institute of Technology, Guwahati",Team 732
735,"Sri Sairam Engineering College, Chennai",Team 735
736,"Indian Institute of Technology, Mumbai",Team 736
748,"Indian Institute of Technology, Roorkee",Team 748
752,"Indian Institute of Technology, Mumbai",Team 752
759,"LLOYD Law College,Greater Noida",Team 759
765,"Punjab Govt. Dental College & Hospital, Amritsar",Team 765
766,"Indian Institute of Technology, Mumbai",Team 766
767,Madras Christian College,Team 767
768,"Chaitanya Bharathi Institute of Technology, Hyderabad",Team 768
769,"Management Development Institute (MDI), Gurgaon",Team 769
770,"MVGR College of Engineering, Vizianagaram",Team 770
773,"Vellore Institute of Technology, Vellore",Team 773
774,"Indian Institute of Technology, Guwahati",Team 774
775,"Chaitanya Bharathi Institute of Technology, Hyderabad",Team 775
776,"Indian Institute of Technology, Madras",Team 776
786,"Mar Athanasius College Of Engineering, Kerala",Team 786
798,"Indian School of Mines, Dhanbad",Team 798
803,"Lakshmi Narain College of Technology & Science, Bhopal",Team 803
815,Sapthagiri College Of Engineering,Team 815
819,"Faculty of Law,Jamia Milla Islamia, Delhi",Team 819
836,Jayawantrao Sawant College of Engineering,Team 836
843,"College of engineering and technology,bhubaneswar",Team 843
845,"Indian Institute of Technology, Madras",Team 845
853,"Indian Institute of Technology, Delhi",Team 853
856,Kalinga Institute of Industrial Technology,Team 856
858,Kalinga Institute of Industrial Technology,Team 858
872,emax institute of engineering and technology,Team 872
881,"Institute of technology ,BHU, Banaras",Team 881
885,"Raj Kumar Goel Institute of Technology, Ghaziabad",Team 885
889,"GMR Institute of Technology, Rajam -Srikakula",Team 889
890,"Osmania University College, Hyderabad",Team 890
897,"Indian Institute of Technology, Madras",Team 897
898,Ponjesly College of Engineering,Team 898
903,"Shri Bhagwan Mahaveer Jain College, Bangalore",Team 903
922,"Faculty of Engineering and Technology , Jamia Millia Islamia",Team 922
933,"National Institute of Technology, Patna",Team 933
934,"Punjab College of Technical Education, Ludhiana",Team 934
938,"Jai Hind College, Mumbai",Team 938
943,"Chaitanya Bharathi Institute of Technology, Hyderabad",Team 943
955,Khalsa College Of Engineering And Technology,Team 955
957,"Sri Sairam Engineering College, Chennai",Team 957
958,Kalinga Institute of Industrial Technology,Team 958
976,"Institute of technology ,BHU, Banaras",Team 976
981,"Christ University Institute of Management (CUIM), Bangalore",Team 981
987,"Indian Institute of Technology, Mumbai",Team 987
1000,"Institute of Engineering & Management, Kolkata",Team 1000
1002,"National Institute of Technology, Raipur",Team 1002
1005,"University Institute of Engineering and Technology, Punjab University",Team 1005
1006,"University Institute of Technology, Rajiv Gandhi Prodyogiki Vishwavidyalaya",Team 1006
1012,"Indian Institute of Management, Indore",Team 1012
1013,"Institute of technology ,BHU, Banaras",Team 1013
1017,Kalinga Institute of Industrial Technology,Team 1017
1018,"Management Development Institute (MDI), Gurgaon",Team 1018
1027,"Government Engineering college, Thrissur",Team 1027
1032,B.V. Bhoomaraddi College of Engineering and Technology,Team 1032
1035,THDC Institute Of Hydropower Engineering & Technology,Team 1035
1036,"Azim Premji University, Bangalore",Team 1036
1045,Vysya College,Team 1045
1053,"Indian Institute of Management, Calcutta",Team 1053
1055,"Dr. Ram Manohar Lohia National Law University, Lucknow",Team 1055
1058,"Indian Institute of Technology, Madras",Team 1058
1060,"Dr. Ram Manohar Lohia National Law University, Lucknow",Team 1060
1063,"Birla Institute of Technology, Ranchi",Team 1063
1065,"Maulana Azad National Institute of Technology, Bhopal",Team 1065
1073,Keshav Memorial Institute of Technology,Team 1073
1075,"Indian Institute of Technology, Madras",Team 1075
1076,Narasaraopeta Engineering College,Team 1076
1077,"Dr. Ram Manohar Lohia National Law University, Lucknow",Team 1077
1082,"Symbiosis  Institute of Business Management (SIBM), Bangalore",Team 1082
1084,Kalinga Institute of Industrial Technology,Team 1084
1089,Jawaharlal Nehru University,Team 1089
1091,"R.V.R & J.C College of Engineering, Guntur",Team 1091
1097,C.Abdul Hakeem College of Engineering and Technology,Team 1097
1100,"ABES Engineering College,  Ghaziabad",Team 1100
1105,Bhavans Vivekananda College,Team 1105
1106,"Indian Institute of Technology, Kharagpur",Team 1106
1108,Kalinga Institute of Industrial Technology,Team 1108
1110,Delhi University,Team 1110
1144,"Indian Institute of Technology, Kanpur",Team 1144
1150,"Poornima Institute of Engineering and Technology,Jaipur",Team 1150
1159,"Sri Venkatesa Perumal College of Engineering & Technology , Puttur???????? 517 583.",Team 1159
1162,"Sreenidhi Institute of Science and Technology, Hyderabad",Team 1162
1165,"SIBM, Bangalore",Team 1165
1169,"Indian Institute of Technology, Mandi",Team 1169
1171,"Sardar Valabhbhai National Institute of Technology, Surat",Team 1171
1174,"Vellore Institute of Technology, Vellore",Team 1174
1200,"Rajeev Gandhi Memorial College Of Engineering & Technology,nandyal",Team 1200
1203,Northern India Engineering College,Team 1203
1213,"Vellore Institute of Technology, Vellore",Team 1213
1219,"Indian Institute of Technology, Patna",Team 1219
1220,"Shri Shikshayatan College, Kolkata",Team 1220
1222,"GMR Institute of Technology, Rajam -Srikakula",Team 1222
1225,"Indian Institute of Technology, Roorkee",Team 1225
1226,Gayatri Vidya Parishad College Of Engineering (AUTONOMOUS),Team 1226
1232,"Graphic Era University, Dehradun",Team 1232
1243,"Indian Institute of Technology, Mumbai",Team 1243
1248,"Graphic Era University, Dehradun",Team 1248
1255,"Indian Institute of Management, Kozhikode",Team 1255
1259,"St.Stephen's College, Delhi",Team 1259
1271,adichunchanagiri institute of technology,Team 1271
1277,"Jesus & Mary College, Delhi",Team 1277
1278,"Indian Institute of Technology, Roorkee",Team 1278
1281,"Bhilai Institute of Technology, Durg",Team 1281
1284,Jadavpur University,Team 1284
1290,"C V Raman College Of Engineering, Bhubaneswar",Team 1290
1291,Karnataka State Open University,Team 1291
1293,"Government Engineering college, Thrissur",Team 1293
1297,Saveetha University,Team 1297
1299,"Banarsidas Chandiwala Institue of Physiotherapy, New Delhi",Team 1299
1302,"S.R.M Engineering College, Chennai",Team 1302
1306,"National Institute of Technology, Calicut",Team 1306
1307,"The Maharaja Sayajirao University, Baroda",Team 1307
1310,"Maharaja Agrasen College, GGSIPU, Delhi",Team 1310
1321,"Miranda House, Delhi",Team 1321
1322,"Graphic Era University, Dehradun",Team 1322
1330,"M S Ramaiah Institute of technology, Bangalore",Team 1330
1334,"Indian Institute of Foreign Trade, Delhi",Team 1334
1335,"Institute of Technology, GGV, Bilaspur",Team 1335
1338,"Rishiraj Institute Of Technology,Indore",Team 1338
1341,"Goa Institute of Management (GIM), Goa",Team 1341
1343,"Indian School of Mines, Dhanbad",Team 1343
1353,"Indian Institute of Technology, Kharagpur",Team 1353
1354,"Shri Ramdeobaba College Of  Engineering And Management, Nagpur",Team 1354
1356,"Indian Institute of Technology, Roorkee",Team 1356
1366,"Indian Institute of Management, Kozhikode",Team 1366
1378,National Institute of Technology Karnataka,Team 1378
1384,"B.K.Birla Institute of Engineering and Technology, Pilani",Team 1384
1389,"Cluster Innovation Centre , Delhi University",Team 1389
1391,"Institute of Technology, GGV, Bilaspur",Team 1391
1395,"School Of Planning and Architecture, New Delhi",Team 1395
1399,"Delhi College of Arts and Commerce, Delhi",Team 1399
1411,HCTM Technical Campus,Team 1411
1417,"Shailesh J.Mehta School of Management (IIT-B), Mumbai",Team 1417
1420,Parala Maharaja Engineering College,Team 1420
1425,"National Institute of Technology, Patna",Team 1425
1429,"National Institute of Technology, Tiruchirapally",Team 1429
1430,"Indian Institute of Management, Rohtak",Team 1430
1437,"Nirma University, Ahmedabad",Team 1437
1442,Jorhat Institute of Science & Technology,Team 1442
1445,"JNTU College of Engineering, Hyderabad",Team 1445
1455,Eastern Academy Of Science And Technology,Team 1455
1458,"University School of Law and Legal Studies, GGSIPU",Team 1458
1465,"Lovely Professional University,Punjab",Team 1465
1467,"Lovely Professional University,Punjab",Team 1467
1477,"Moti Lal Nehru college, Delhi",Team 1477
1484,"Narsee Monjee College of commerce and ecnomics, Mumbai",Team 1484
1485,"Delhi technological university, Delhi",Team 1485
1490,"Indian Institute of Technology, Roorkee",Team 1490
1495,"Indian Institute of Technology, Mumbai",Team 1495
1496,Jaipur Engineering College,Team 1496
1497,"National Institute of Technology, Jalandhar",Team 1497
1513,"Indian School of Mines, Dhanbad",Team 1513
1516,"Amity University, Jaipur",Team 1516
1523,"Netaji Subhash Institute of Technology, Delhi",Team 1523
1525,"Babu Banarasi Das National Institute of Technology and Management, Lucknow",Team 1525
1527,"College of Technology, GBPUAT, Pantnagar",Team 1527
1530,"Indian School of Mines, Dhanbad",Team 1530
1535,"XLRI School of Buisness and Human Resource, Jamshedpur",Team 1535
1546,Kalinga Institute of Industrial Technology,Team 1546
1548,"Technocrats Institute Of Technology , Bhopal",Team 1548
1550,"Ramjas College, Delhi",Team 1550
1562,"St. Josephs college of Engineering, Chennai",Team 1562
1568,Mewar University,Team 1568
1570,"Rajeev Gandhi Memorial College Of Engineering & Technology,nandyal",Team 1570
1571,Arignar anna institute of science and technology,Team 1571
1574,"Indian School of Mines, Dhanbad",Team 1574
1582,"Indian Institute of Technology, Kharagpur",Team 1582
1583,Institute of Aeronautical Engineering,Team 1583
1585,"Yamuna Group of Institution,Sabalpur",Team 1585
1586,Rajiv Gandhi University of Knowledge Technologies,Team 1586
1589,"Indian Institute of Technology, Bhubaneshwar",Team 1589
1594,"Amity University, Lucknow",Team 1594
1609,"IES College of Technology, Bhopal",Team 1609
1610,Tezpur University,Team 1610
1616,Basant Kumar Birla Institute Of Engineering And Technology,Team 1616
1629,"Institute of technology ,BHU, Banaras",Team 1629
1632,"Biyani's Group of Colleges, Jaipur",Team 1632
1633,"Moti Lal Nehru college, Delhi",Team 1633
1642,"Guru Nanak Dev Engineering College, Ludhiana",Team 1642
1645,"Saveetha Engineering College, Chennai",Team 1645
1648,"Dr. M.G.R. Educational and Research Institute, Chennai",Team 1648
1652,"Sreenidhi Institute of Science and Technology, Hyderabad",Team 1652
1660,"NALSAR, Hyderabad",Team 1660
1667,"Raj Kumar Goel Institute of Technology, Ghaziabad",Team 1667
1669,"Bhavans Vivekananda College ,Secunderabad",Team 1669
1671,"Noida Institute of Engineering and Technology, Greater Noida",Team 1671
1681,"Uttar Pradesh Textile Technology Institute,Kanpur",Team 1681
1682,"Armed Forces Medical College, Pune",Team 1682
1688,"National Law University, Jodhpur",Team 1688
1689,"Dayananda Sagar College of Engineering, Bangalore",Team 1689
1695,"Swami Keshvanand Institute of Technology (SKIT), Jaipur",Team 1695
1703,"Nirma University, Ahmedabad",Team 1703
1713,"Indian Institute of Management, Indore",Team 1713
1722,Mahakal Group of institutes,Team 1722
1724,"B.K.Birla Institute of Engineering and Technology, Pilani",Team 1724
1728,"Gandhi Institute For Education & Technology,Odisha",Team 1728
1731,National Institute of Technology Karnataka,Team 1731
1733,"K.R College, Mathura",Team 1733
1736,"Indian Institute of Technology, Mandi",Team 1736
1737,"Shaheed Bhagat Singh State Technical  Campus, Ferozepur",Team 1737
1741,"Birla Institute of Technology, Ranchi",Team 1741
1746,Manohar Lal Mahavidyalaya,Team 1746
1751,"Indira Gandhi Delhi Technical University for Women, Delhi",Team 1751
1752,"Birla Institute of Technology, Ranchi",Team 1752
1754,"University of Petroleum & Energy Studies, Dehradun",Team 1754
1755,"National Institute of Technology, Rourkela",Team 1755
1756,"Vellore Institute of Technology, Vellore",Team 1756
1757,Indraprastha Enginnering College,Team 1757
1761,JRE Group of Institutes,Team 1761
1766,"Acropolis Institute of Technology and Research, Indore",Team 1766
1768,Chanakya National Law University,Team 1768
1770,"XLRI School of Buisness and Human Resource, Jamshedpur",Team 1770
1771,"Indian Institute of Technology, Kharagpur",Team 1771
1775,"Nirma University, Ahmedabad",Team 1775
1777,#N/A,Team 1777
1791,"C V Raman College Of Engineering, Bhubaneswar",Team 1791
1804,"Institute of Management Technology (IMT), Ghaziabad",Team 1804
1807,Yogananda Institute of Technology & Science,Team 1807
1810,"Indian School of Mines, Dhanbad",Team 1810
1827,"Ideal Institute of Technology, Ghaziabad",Team 1827
1831,"Thapar Institute of Engineering and Technlogy, Patiala",Team 1831
1832,Kalinga Institute of Industrial Technology,Team 1832
1833,"NALSAR, Hyderabad",Team 1833
1843,"Sydenham Institute Of Management Studies Research & Entrepreneurship Education(SIMSREE),Mumbai",Team 1843
1844,"Harcourt Butler Technological Institute, Kanpur",Team 1844
1846,Madras Christian College,Team 1846
1855,"Sri Venkateswara Degree & PG College, Anantapur",Team 1855
1871,Andhra University,Team 1871
1877,Xavier Institute of Communications,Team 1877
1878,"Noida International University, IMR",Team 1878
1884,"Indian Institute of Technology, Madras",Team 1884
1886,"Delhi College of Engineering, Delhi",Team 1886
1891,"Rachana Sansad's Academy of Architecture, Mumbai",Team 1891
1892,"BIT Institute of Technology, Hindupur, AP",Team 1892
1895,"Indian Institute of Management, Tiruchirapally",Team 1895
1896,"Indian Institute of Technology, Kanpur",Team 1896
1902,"Park College of Engineering and Technology, Coimbatore",Team 1902
1903,"Sydenham Institute Of Management Studies Research & Entrepreneurship Education(SIMSREE),Mumbai",Team 1903
1904,"AMRITA VISHWA VIDYAPEETHAM, KERALA",Team 1904
1908,"Amity University, Jaipur",Team 1908
1911,"Lady Brabourne College, Kolkata",Team 1911
1922,"Presidency College, Bangalore",Team 1922
1926,Thiruvalluvar Government Arts College,Team 1926
1928,"ABES Engineering College,  Ghaziabad",Team 1928
1930,"B B S College Of Engineering & Technology,Allahabad",Team 1930
1931,"Jawaharlal Nehru Technological University ,Vizianagaram",Team 1931
1935,"Nirma University, Ahmedabad",Team 1935
1939,"National Institute of Technology, Calicut",Team 1939
1953,"Lakshmi Narain College of Technology & Science, Bhopal",Team 1953
1957,Kalinga Institute of Industrial Technology,Team 1957
1966,"Indian Institute of Technology, Mumbai",Team 1966
1970,Jaipur National University,Team 1970
1973,"Institute for Technology and Management (ITM), Mumbai",Team 1973
1988,"Nirma University, Ahmedabad",Team 1988
1994,"Indraprastha College for women, Delhi",Team 1994
1996,"Moti Lal Nehru college, Delhi",Team 1996
1997,"Indian Institute of Management, Lucknow",Team 1997
2013,Gateway Institute of Engineering and Technology,Team 2013
2021,"dhaneshwar rath institute of engg. and management studies,cuttack,odisha",Team 2021
2022,"Indian Institute of Technology, Kharagpur",Team 2022
2024,LNM Institute of Information Technology,Team 2024
2025,"Indian Institute of Technology, Kanpur",Team 2025
2031,"Madina Engineering College, Kadapa",Team 2031
2033,"Dronacharya College of Engineering, Gurgaon",Team 2033
2038,"Nirma University, Ahmedabad",Team 2038
2040,"Shri Ram Murti Women's College Of Engineering And Technology, Bareilly",Team 2040
2050,"Dr. D.Y. Patil Institute of Engineering and Technology, Pune",Team 2050
2051,"Indian Institute of Technology, Kharagpur",Team 2051
2055,KJ COLLEGE OF ENGINEERING &MANAGEMENT RESEARCH PUNE.,Team 2055
2062,"Banasthali Vidhyapith, Rajasthan",Team 2062
2064,"Indian Institute of Management, Rohtak",Team 2064
2071,MET Institute of Technology,Team 2071
2073,Kalinga Institute of Industrial Technology,Team 2073
2075,Central Institute of Plastics Engineering and Technology (CIPET),Team 2075
2077,Kalinga Institute of Industrial Technology,Team 2077
2079,"Vidya Academy Of Science and Technology, thrissur-Kerala",Team 2079
2081,Institute of Innovation in Technology and Management,Team 2081
2090,"Maulana Azad National Institute of Technology, Bhopal",Team 2090
2091,"Government Law College, Mumbai",Team 2091
2093,"Department of Management Studies (IIT Roorkee), Roorkee",Team 2093
2094,"Christ University Institute of Management (CUIM), Bangalore",Team 2094
2105,"Maulana Azad National Institute of Technology, Bhopal",Team 2105
2111,"Parul Institute of Technology, Gujarat",Team 2111
2117,C.U.Shah College Of Engineering & Technology,Team 2117
2121,Kalinga Institute of Industrial Technology,Team 2121
2126,"Ramanbhai Patel college of pharmacy, Changa-Gujarat",Team 2126
2127,"Indian Institute of Management, Ranchi",Team 2127
2128,Kalinga Institute of Industrial Technology,Team 2128
2129,Balaji Institute of Engineering Sciences,Team 2129
2130,"Indraprastha Institute of Information Technology, Delhi",Team 2130
2134,"Rajiv Gandhi Institute of Technology, Bangalore",Team 2134
2139,"Maulana Azad National Institute of Technology, Bhopal",Team 2139
2140,"Ramanbhai Patel college of pharmacy, Changa-Gujarat",Team 2140
2141,"Aryans Group of Colleges, Chandigarh",Team 2141
2144,"Prannath Parnami Institute of Management and Technology, Hisar",Team 2144
2145,"Anil Neerukonda Institute of Technology and Sciences, New Delhi",Team 2145
2146,"Prannath Parnami Institute of Management and Technology, Hisar",Team 2146
2149,"Indian Institute of Technology, Madras",Team 2149
2152,"Vellore Institute of Technology, Vellore",Team 2152
2155,"JAI NARAIN VYAS UNIVERSITY, JODHPUR",Team 2155
2156,"Zakir Husain College of Engineering and Technology, Aligarh",Team 2156
2158,"Prannath Parnami Institute of Management and Technology, Hisar",Team 2158
2160,Kalinga Institute of Industrial Technology,Team 2160
2161,Symbiosis institute of media and communication - Bengaluru,Team 2161
2163,"SSBT's College of Engineering & Technology, Bambhori, Jalgaon",Team 2163
2165,"Prannath Parnami Institute of Management and Technology, Hisar",Team 2165
2167,"Prannath Parnami Institute of Management and Technology, Hisar",Team 2167
2168,"Prannath Parnami Institute of Management and Technology, Hisar",Team 2168
2173,"Prannath Parnami Institute of Management and Technology, Hisar",Team 2173
2175,"Prannath Parnami Institute of Management and Technology, Hisar",Team 2175
2179,"Prannath Parnami Institute of Management and Technology, Hisar",Team 2179
2184,"JSS Academy of Technical Education, Noida",Team 2184
2188,"MIT Academy of Engineering , Pune",Team 2188
2191,"SRM University, NCR Campus",Team 2191
2196,"Nirma University, Ahmedabad",Team 2196
2198,"National Institute of Technology, Kurukshetra",Team 2198
2199,"National Institute of Technology, Calicut",Team 2199
2202,"Sir Padampat Singhania University, Udaipur",Team 2202
2203,"Symbiosis  Institute of Business Management (SIBM), Bangalore",Team 2203
2208,"Maulana Azad National Institute of Technology, Bhopal",Team 2208
2210,"Sreenidhi Institute of Science and Technology, Hyderabad",Team 2210
2212,Kalinga Institute of Industrial Technology,Team 2212
2215,"Mount Carmel College, Bangalore",Team 2215
2216,Kalinga Institute of Industrial Technology,Team 2216
2217,"Delhi College of Arts and Commerce, Delhi",Team 2217
2220,"B.K.Birla Institute of Engineering and Technology, Pilani",Team 2220
2224,"GLA institute of technology & management(GLA-ITM) , Mathura",Team 2224
2225,Kalinga Institute of Industrial Technology,Team 2225
2228,"Sreenidhi Institute of Science and Technology, Hyderabad",Team 2228
2229,Galgotias University,Team 2229
2232,"Malla Reddy Engineering College,Hyderabad,AP",Team 2232
2234,C.U.Shah College of Engineering and Technology,Team 2234
2236,"Birla Institute of Technology, Ranchi",Team 2236
2243,"Indian Institute of Management, Tiruchirapally",Team 2243
2244,Kalinga Institute of Industrial Technology,Team 2244
2245,"Indian Institute of Management, Indore",Team 2245
2250,"B.K.Birla Institute of Engineering and Technology, Pilani",Team 2250
2252,Bansal Institute of Science and Technology,Team 2252
2255,"Indian Institute of Technology, Madras",Team 2255
2256,"Government Engineering College, Ajmer",Team 2256
2259,"Birla Institute of Technology, Ranchi",Team 2259
2263,"Institute of Management Technology (IMT), Ghaziabad",Team 2263
2269,Kalinga Institute of Industrial Technology,Team 2269
2271,"Indian School of Mines, Dhanbad",Team 2271
2273,Appa Institute Of Engineering And Technology,Team 2273
2279,"International Institute of Information Technology , Bangalore",Team 2279
2281,"Indian School of Business (ISB), Hyderabad",Team 2281
2287,"Indian School of Business (ISB), Hyderabad",Team 2287
2298,"Indian Institute of Technology, Patna",Team 2298
2303,St. Thomas' College of Engineering & Technology,Team 2303
2304,"Bhilai Institute of Technology, Durg",Team 2304
2306,"B.K.Birla Institute of Engineering and Technology, Pilani",Team 2306
2316,"Zakir Husain College of Engineering and Technology, Aligarh",Team 2316
2318,"Nirma University, Ahmedabad",Team 2318
2319,"Indian Institute of Management, Shillong",Team 2319
2320,"Zakir Husain College of Engineering and Technology, Aligarh",Team 2320
2325,Medicaps Group of Institutions,Team 2325
2331,"National Institute of Technology, Calicut",Team 2331
2332,"Delhi College of Arts and Commerce, Delhi",Team 2332
2334,"Faculty of Management Studies, Delhi",Team 2334
2335,"Vivekananda Institute of Professional Studies, Delhi",Team 2335
2340,"MIT College of Engineering, Pune",Team 2340
2342,Kalinga Institute of Industrial Technology,Team 2342
2344,"Indian Institute of Technology, Madras",Team 2344
2347,"R.V.R & J.C College of Engineering, Guntur",Team 2347
2348,"J.T. Mahajan College of Engineering, Faizpur",Team 2348
2349,"National Institute of Technology, Rourkela",Team 2349
2351,"Dronacharya College of Engineering, Gurgaon",Team 2351
2359,Rathinam Technical Campus,Team 2359
2362,"Christ College, Bangalore",Team 2362
2370,"Hindu College, Delhi",Team 2370
2372,"Maulana Azad National Institute of Technology, Bhopal",Team 2372
2373,"Indian Institute of Technology, Kanpur",Team 2373
2375,Vellore Institute of Technology,Team 2375
2378,"Faculty of Management Studies, Delhi",Team 2378
2387,"Pandit Deendayal Petroleum University, Gandhinagar",Team 2387
2402,Kolhapur Institute of Technology's College of Engineering,Team 2402
2407,malout institute of management and information technology,Team 2407
2408,"R.V.R & J.C College of Engineering, Guntur",Team 2408
2410,vignana bharathi institute of technology,Team 2410
2414,"Indian School of Business (ISB), Hyderabad",Team 2414
2418,"Faculty of Management Studies, Delhi",Team 2418
2422,Global Institute of Technology,Team 2422
2426,"Indian Institute of Technology, Kharagpur",Team 2426
2430,"Vishwakarma Institute of Technology, Pune",Team 2430
2436,Shri Andal Alagar College Of Engineering,Team 2436
2442,"Vidya Academy Of Science and Technology, thrissur-Kerala",Team 2442
2449,"Asansol Engineering College, Asansol",Team 2449
2453,Bhadrak Insititute Of Egineering and Technology,Team 2453
2456,"Nirma University, Ahmedabad",Team 2456
2459,"Indian Institute of Technology, Roorkee",Team 2459
2460,Kalinga Institute of Industrial Technology,Team 2460
2468,"Indian Institute of Management, Ranchi",Team 2468
2473,"Indian School of Business (ISB), Hyderabad",Team 2473
2475,Federal Institute of Science and Technology (FISAT),Team 2475
2477,"SIBM, Bangalore",Team 2477
2478,"Noida Institute of Engineering and Technology, Greater Noida",Team 2478
2479,"Zakir Husain College of Engineering and Technology, Aligarh",Team 2479
2480,"Dayalbagh Educational Institute ,Dayalbagh, Agra",Team 2480
2482,"Indian Institute of Technology, Delhi",Team 2482
2488,"LLOYD Law College,Greater Noida",Team 2488
2489,"Trident Academy Of Technology, Bhubaneswar",Team 2489
2490,"Government Engineering College, Ajmer",Team 2490
2495,"Indian School of Business (ISB), Hyderabad",Team 2495
2496,"Netaji Subhash Institute of Technology, Delhi",Team 2496
2499,"Jaypee University of Information Technology, Salon",Team 2499
2504,"SIBM, Bangalore",Team 2504
2505,Silver Oak College Of Engineering & Technology,Team 2505
2506,"Indian Institute of Technology, Kanpur",Team 2506
2508,"Indian Institute of Technology, Kanpur",Team 2508
2511,L.D College of Engineering and Technology,Team 2511
2513,"Galgotias College Of Engineering and Technoloy, Greater Noida",Team 2513
2518,"Vellore Institute of Technology, Vellore",Team 2518
2524,"Indian Institute of Technology, Madras",Team 2524
2525,"Deshbandhu College, Delhi",Team 2525
2526,Indian Institute of Science Education & Research-Kolkata,Team 2526
2538,"Indian School of Business, Mohali",Team 2538
2539,"B.R.Ambedkar National Institute of Technology, Jalandar",Team 2539
2547,"Integral University, Lucknow",Team 2547
2549,"Zakir Husain College of Engineering and Technology, Aligarh",Team 2549
2550,"SIBM, Bangalore",Team 2550
2551,"Integral University, Lucknow",Team 2551
2552,"Indian Institute of Information Technology, Allahabad",Team 2552
2554,"Integral University, Lucknow",Team 2554
2556,"Dr. Ram Manohar Lohia National Law University, Lucknow",Team 2556
2564,"Symbiosis  Institute of Business Management (SIBM), Bangalore",Team 2564
2567,"Indian Institute of Technology, Kanpur",Team 2567
2578,"Netaji Subhash Institute of Technology, Delhi",Team 2578
2583,"National Institute of Technology, Rourkela",Team 2583
2589,"Rishiraj Institute Of Technology,Indore",Team 2589
2598,"Institute of Management Technology (IMT), Ghaziabad",Team 2598
2603,"SIBM, Bangalore",Team 2603
2610,"TocH Institute of Science and Technology, Ernakulam",Team 2610
2615,"Symbiosis  Institute of Business Management (SIBM), Bangalore",Team 2615
2619,"National Institue of Technology, Hamirpur",Team 2619
2620,"Chaitanya Bharathi Institute of Technology, Hyderabad",Team 2620
2621,"Maharaja Agrasen College, GGSIPU, Delhi",Team 2621
2623,"Stella Maris College, Chennai",Team 2623
2626,"SIBM, Bangalore",Team 2626
2631,"Azim Premji University, Bangalore",Team 2631
2635,"Indian Institute of Technology, Delhi",Team 2635
2637,"Indian Institute of Technology, Kanpur",Team 2637
2638,Kalinga Institute of Industrial Technology,Team 2638
2640,Sikkim Manipal University,Team 2640
2642,Balaji Institute of Engineering Sciences,Team 2642
2646,"Kolhapur Institute of Technology's College of Engineering, Kolhapur",Team 2646
2650,"Indian Institute of Technology, Mumbai",Team 2650
2651,"Christ College, Bangalore",Team 2651
2652,Kalinga Institute of Industrial Technology,Team 2652
2656,"Indian Institute of Technology, Kanpur",Team 2656
2663,"Kharkiv aviation institute, saveetha university, peri institute of technology, p b college of engineering",Team 2663
2674,"Birla Institute of Technology and Science (BITS), Pilani",Team 2674
2677,"CMR Institute Of Technology, Hyderabad",Team 2677
2681,"National Institute of Technology, Kurukshetra",Team 2681
2682,"St. Josephs college of Engineering, Chennai",Team 2682
2683,"Hindustan College of Science and Technology, Mathura",Team 2683
2687,"Indian Institute of Technology, Madras",Team 2687
2689,Rajeev Gandhi D.A.V. Degree College Banda(U.P.),Team 2689
2698,"St. Xavier's College, Vaikom",Team 2698
2701,"Government College of Engineering(COEP), Pune",Team 2701
2705,"Asansol Engineering College, Asansol",Team 2705
2707,"Indus Institute of Technology and Engineering, Kanpur",Team 2707
2711,"Indian Institute of Information Technology, Allahabad",Team 2711
2715,"Indian Institute of Management, Indore",Team 2715
2719,"National Institute of Technology, Hamirpur",Team 2719
2724,"SIBM, Bangalore",Team 2724
2725,Jadavpur University,Team 2725
2727,Kalinga Institute of Industrial Technology,Team 2727
2741,"Indian School of Mines, Dhanbad",Team 2741
2745,"Vishveshvaraya National Institute of Technology, Nagpur",Team 2745
2748,"K J Somaiya Institute of Mgmt. Studies & Research, Mumbai",Team 2748
2751,"Government Engineering College, Ajmer",Team 2751
2753,"KSR Institute For Engineeering and Technology, Kalvi Nagar, Tamil Nadu",Team 2753
2755,"Nirma University, Ahmedabad",Team 2755
2762,Uttaranchal University,Team 2762
2763,"Maulana Azad National Institute of Technology, Bhopal",Team 2763
2770,"Hindu College, Delhi",Team 2770
2774,"Maharaja Agrasen College, GGSIPU, Delhi",Team 2774
2775,"Bannari Amman Institute of Technology, Sathyamangalam",Team 2775
2777,"National Institute of Industrial Engineering (NITIE), Mumbai",Team 2777
2779,"Jaipuria Institute of management, Jaipur",Team 2779
2780,"Birla Institute of Technology and Science (BITS), Pilani",Team 2780
2785,"Indian Institute of Technology, Kanpur",Team 2785
2786,"Indian Institute of Technology, Kharagpur",Team 2786
2788,"Christ College, Bangalore",Team 2788
2799,"Hindu College, Delhi",Team 2799
2800,"K J Somaiya Institute of Mgmt. Studies & Research, Mumbai",Team 2800
2802,"R.V.R & J.C College of Engineering, Guntur",Team 2802
2811,"Government College of Engineering(COEP), Pune",Team 2811
2819,"Nirma University, Ahmedabad",Team 2819
2822,National Institute Of Technology Agartala,Team 2822
2825,"Guru Nanak Institutions Technical Campus , Hyderabad",Team 2825
2826,National Institute of Technology Karnataka,Team 2826
2828,"SIBM, Bangalore",Team 2828
2829,Sankalchand Patel College of Engineering,Team 2829
2831,"Shri Ram College of Commerce (SRCC), Delhi",Team 2831
2832,"Lady Sri Ram College for women, Delhi",Team 2832
2833,"Ramniranjan Jhunjhunwala College, Mumbai",Team 2833
2836,"S.R.M Engineering College, Chennai",Team 2836
2842,Lucknow University,Team 2842
2843,"Vellore Institute of Technology, Vellore",Team 2843
2845,"Nirma University, Ahmedabad",Team 2845
2846,"Nirma University, Ahmedabad",Team 2846
2848,"The LNM Institute of Information Technology, Jaipur",Team 2848
2851,"Indian Institute of Technology, Roorkee",Team 2851
2855,Bansal Institute of Science and Technology,Team 2855
2857,"Indian Institute of Aeronautical Engineering & Information Technology, Pune",Team 2857
2866,"University of Hyderabad, Hyderabad",Team 2866
2868,"Vellore Institute of Technology, Vellore",Team 2868
2883,"National Institute of Technology, Kurukshetra",Team 2883
2889,"Hindu College, Delhi",Team 2889
2893,"TRUBA Institute of Engineering & Information Technology, Bhopal",Team 2893
2896,"Maulana Azad National Institute of Technology, Bhopal",Team 2896
2907,"Dr.Mahalingam College Of Engineering and Technology, Pollachi",Team 2907
2909,"Jabalpur Engineering College,Jabalpur",Team 2909
2913,"Nirma University, Ahmedabad",Team 2913
2918,"S S Dempo College Of Commerce & Economics, Panjim",Team 2918
2922,"Jabalpur Engineering College, Jabalpur",Team 2922
2929,"National Institute of Technology, Raipur .",Team 2929
2935,East West Institute Of Technology,Team 2935
2936,"National Institute of Technology, Raipur",Team 2936
2937,"Sri Venkateswara College, Delhi",Team 2937
2941,"National Institute of Industrial Engineering (NITIE), Mumbai",Team 2941
2944,"Loyola College, Chennai",Team 2944
2945,"Hidayatullah National Law University, Raipur",Team 2945
2950,"College of Vocational Studies, New Delhi",Team 2950
2956,"SIBM, Bangalore",Team 2956
2957,"S.P. Jain Institute of Management and Research (SPJIMR), Mumbai",Team 2957
2965,"Institute of Engineering and Technology (IET-DAVV),Indore",Team 2965
2971,"University of Petroleum & Energy Studies, Dehradun",Team 2971
2978,"Raj Kumar Goel Institute of Technology, Ghaziabad",Team 2978
2979,Kalinga Institute of Industrial Technology,Team 2979
2982,"Indian Institute of Management, Calcutta",Team 2982
2987,"Amity University, Lucknow",Team 2987
2988,"National Institute of Technology, Rourkela",Team 2988
2989,"Dronacharya College of Engineering, Gurgaon",Team 2989
2995,"Indian Institute of Science Education and Research, Pune",Team 2995
2996,"Indian Institute of Management, Indore",Team 2996
2997,"Government College of Engineering, Tirunelveli",Team 2997
2999,"XLRI School of Buisness and Human Resource, Jamshedpur",Team 2999
3002,"Raj Kumar Goel Institute of Technology, Ghaziabad",Team 3002
3004,"Indian Institute of Management, Indore",Team 3004
3006,"Indian Institute of Technology, Kharagpur",Team 3006
3007,Ambala College of Engineering,Team 3007
3008,"Shri Ram College of Commerce (SRCC), Delhi",Team 3008
3013,"Indian Institute of Technology, Roorkee",Team 3013
3023,Tata Institute of Social Sciences(TISS),Team 3023
3024,"Birla Institute of Technology and Science, Hyderabad",Team 3024
3030,"Shri Ram Murti Women's College Of Engineering And Technology, Bareilly",Team 3030
3037,"Graphic Era University, Dehradun",Team 3037
3039,"KIIT College of Engineering, Gurgaon",Team 3039
3041,"Krishna Institute of Engineering and Technology, Ghaziabad",Team 3041
3043,"G.B Pant Government Engineering College, New Delhi",Team 3043
3046,National Institute Of Technology Agartala,Team 3046
3050,"Sasi Creative School of Business, Coimbatore",Team 3050
3055,"Zakir Husain College of Engineering and Technology, Aligarh",Team 3055
3056,"Gandhi Institute of Technology and Management University (GITAM),Vishakhapatnam",Team 3056
3061,National Institute of Technology Karnataka,Team 3061
3062,"Amity University, Jaipur",Team 3062
3067,"International Management Institute (IMI), Delhi",Team 3067
3068,"Nirma University, Ahmedabad",Team 3068
3070,"Nirma University, Ahmedabad",Team 3070
3072,"Sri Guru Gobind Singh College of Commerce, Delhi",Team 3072
3074,"JSS Academy of Technical Education, Noida",Team 3074
3076,"Bhilai Institute of Technology, Durg",Team 3076
3078,"Indian Institute for Planning and Management, New Delhi",Team 3078
3079,Central Institute of Plastics Engineering and Technology (CIPET),Team 3079
3080,"National Institute of Technology, Patna",Team 3080
3083,"Bundelkhand Institute of Engineering and Technology, Jhansi",Team 3083
3086,"Dr.Mahalingam College Of Engineering and Technology, Pollachi",Team 3086
3090,"National Institute of Technology, Rourkela",Team 3090
3095,"Hindu College, Delhi",Team 3095
3098,Kalinga Institute of Industrial Technology,Team 3098
3101,"Nirma University, Ahmedabad",Team 3101
3102,"National Institute of Technology, Rourkela",Team 3102
3104,"Shri Ram College of Commerce (SRCC), Delhi",Team 3104
3114,"Indian School of Mines, Dhanbad",Team 3114
3116,"The Maharaja Sayajirao University, Baroda",Team 3116
3118,"Arunai College of Engineering, Tiruvannamalai",Team 3118
3122,Bansal Institute of Science and Technology,Team 3122
3123,"National Institute of Agricultural Extension Management (MANAGE), Hyderabad",Team 3123
3128,"Bundelkhand Institute of Engineering and Technology, Jhansi",Team 3128
3132,"Maulana Azad Medical College, Delhi",Team 3132
3133,"SVU College of Engineering ,Tirupathi",Team 3133
3141,"Loyola College, Chennai",Team 3141
3151,Babasaheb Bhimrao Ambedkar University,Team 3151
3154,"Indian Institute of Management, Indore",Team 3154
3156,"Maharishi Markandeshwar University, Mullana-Ambala",Team 3156
3157,"National Institute of Technology, Tiruchirapally",Team 3157
3163,"St.Xavier's College, Mumbai",Team 3163
3164,"SVKM's Mukesh Patel School of Technology and Management, NMIMS",Team 3164
3171,"Nirma University, Ahmedabad",Team 3171
3174,"Indian School of Mines, Dhanbad",Team 3174
3182,"government engineering college, bharuch",Team 3182
3183,"Gargi College, Delhi",Team 3183
3196,"CMR Institute Of Technology, Hyderabad",Team 3196
3197,"Hindustan College of Science and Technology, Mathura",Team 3197
3206,Vickram College of Engineering,Team 3206
3207,National Institute of Technology Karnataka,Team 3207
3211,"Acropolis Institute of Technology and Research, Indore",Team 3211
3213,"Hi-Tech Institute of Engineering & Technology,Ghaziabad",Team 3213
3219,Vinayaka Mission's Kirupananda Variyar Engineering College,Team 3219
3225,Mukesh Patel School Of Technology Management & Engineering,Team 3225
3229,"Sydenham Institute of Management Studies, Research & Entrepreneurship Education",Team 3229
3234,"Sydenham Institute Of Management Studies Research & Entrepreneurship Education(SIMSREE),Mumbai",Team 3234
3240,"Indian Institute of Technology, Mumbai",Team 3240
3249,"Sreenidhi Institute of Science and Technology, Hyderabad",Team 3249
3250,"T. A. Pai Management Institute, Maniipal",Team 3250
3253,"DIT School of Engineering, Greater Noida",Team 3253
3259,Sri Shakthi Institute of Engineering and Technology,Team 3259
3262,"CMR Institute Of Technology, Hyderabad",Team 3262
3263,"International Institute of Information Technology, Hyderabad",Team 3263
3270,"National Institute of Technology, Silchar",Team 3270
3280,"Indian Institute of Technology, Mumbai",Team 3280
3284,"PSG College of Technology, Coimbatore",Team 3284
3288,"Government College of Engineering(COEP), Pune",Team 3288
3291,"St. Xavier's College, Patna.",Team 3291
3296,"Sreenidhi Institute of Science and Technology, Hyderabad",Team 3296
3301,International Institute of Information Technology,Team 3301
3307,"Sydenham Institute Of Management Studies Research & Entrepreneurship Education(SIMSREE),Mumbai",Team 3307
3311,"Bannari Amman Institute of Technology, Sathyamangalam",Team 3311
3313,Ambedkar Institute of Advanced Communication Technologies & Research,Team 3313
3315,"Dr.Mahalingam College Of Engineering and Technology, Pollachi",Team 3315
3317,"Sir Padampat Singhania University, Udaipur",Team 3317
3319,"Symbiosis Institute of Mass Communication, Pune",Team 3319
3322,"Birla Institute of Technology & Science, Pilani - Goa",Team 3322
3325,"Indian Institute of Technology, Kanpur",Team 3325
3332,"National Institute of Technology, Rourkela",Team 3332
3333,Institute of Technical Education & Research (ITER),Team 3333
3336,Surendranath Law College,Team 3336
3337,"Thiagarajar College, Madurai",Team 3337
3343,"Indraprastha College for women, Delhi",Team 3343
3348,"Indraprastha College for women, Delhi",Team 3348
3349,"Galgotias College Of Engineering and Technoloy, Greater Noida",Team 3349
3350,"Pad. Dr. D. Y. Patil Institute of  Engineering & Technology, Pimpri, Pune",Team 3350
3354,"Indian Institute of Technology, Kharagpur",Team 3354
3355,"Indian Institute of Technology, Madras",Team 3355
3360,"Indian Institute of Technology, Madras",Team 3360
3365,"Sydenham Institute Of Management Studies Research & Entrepreneurship Education(SIMSREE),Mumbai",Team 3365
3366,"Gujarat National Law University, Gandhinagar",Team 3366
3375,"Vellore Institute of Technology, Vellore",Team 3375
3381,"National Institute of Technology, Raipur",Team 3381
3385,"ICFAI Buisness School (IBS), Hyderabad",Team 3385
3386,"CMR Institute Of Technology, Hyderabad",Team 3386
3390,Tula's Institute of Engineering and Management,Team 3390
3393,"Indian Institute of Technology, Kanpur",Team 3393
3394,"Dehradun Institute Of Technology University, Dehradun",Team 3394
3396,Central Institute of Plastics Engineering and Technology (CIPET),Team 3396
3402,"Govt. Agricultural College, Jabalpur (J.N.K.V.V)",Team 3402
3403,"Guru Nanak Institutions, Mullana",Team 3403
3407,Kalinga Institute of Industrial Technology,Team 3407
3412,"University of Petroleum & Energy Studies, Dehradun",Team 3412
3417,"Manipal Institute of Technology, Manipal",Team 3417
3420,Andhra University,Team 3420
3425,Kalinga Institute of Industrial Technology,Team 3425
3431,"Bharat Institute of Technology, Meerut",Team 3431
3433,"Indian Institute of Technology, Kharagpur",Team 3433
3434,"National Institute of Technology, Raipur",Team 3434
3435,"GLA institute of technology & management(GLA-ITM) , Mathura",Team 3435
3439,"B.V. BHOOMARADDI COLLEGE OF ENGG & TECH, HUBLI",Team 3439
3443,"College of Engineering, Pune",Team 3443
3446,"Dehradun Institute Of Technology University, Dehradun",Team 3446
3447,"Bholabhai Patel College of Computer Studies, Gandhinagar",Team 3447
3453,"Dehradun Institute Of Technology University, Dehradun",Team 3453
3455,"National Institute of Industrial Engineering (NITIE), Mumbai",Team 3455
3456,NIIT University,Team 3456
3457,International institute of Information Technology(IIIT-Bh),Team 3457
3464,"Dehradun Institute Of Technology University, Dehradun",Team 3464
3467,DR.NTR UNIVERCITY OF HEALTH SCIENCES,Team 3467
3474,"Sydenham Institute Of Management Studies Research & Entrepreneurship Education(SIMSREE),Mumbai",Team 3474
3482,"KSR Institute For Engineeering and Technology, Kalvi Nagar, Tamil Nadu",Team 3482
3485,"Sydenham Institute Of Management Studies Research & Entrepreneurship Education(SIMSREE),Mumbai",Team 3485
3490,"Indian Institute of Technology, Madras",Team 3490
3497,"Indian Institute of Information Technology, Allahabad",Team 3497
3500,"Indian Institute of Information Technology, Allahabad",Team 3500
3505,"Vellore Institute of Technology, Vellore",Team 3505
3508,"Integral University, Lucknow",Team 3508
3509,"UIET, Panjab University",Team 3509
3515,"Department of Management Studies (DOMS-IIT-M), Chennai",Team 3515
3516,"Prannath Parnami Institute of Management and Technology, Hisar",Team 3516
3518,"Symbiosis Institute of Management Studies, Pune",Team 3518
3520,"Gandhi Institute of Technology and Management University (GITAM),Vishakhapatnam",Team 3520
3521,"Indira Gandhi Delhi Technical University for Women, Delhi",Team 3521
3522,"Nirma University, Ahmedabad",Team 3522
3524,"Indian Institute of Information Technology, Allahabad",Team 3524
3530,"K J COLLEGE OF ENGINEERING & MANAGEMENT RESEARCH,PUNE",Team 3530
3534,"Indraprastha College for women, Delhi",Team 3534
3536,"Institute of Mineral and Materials Technology, Bhubaneshwar",Team 3536
3538,"Graphic Era University, Dehradun",Team 3538
3540,"Dehradun Institute Of Technology University, Dehradun",Team 3540
3542,S.v. Institute of Management,Team 3542
3553,"Dehradun Institute Of Technology University, Dehradun",Team 3553
3554,"Dehradun Institute Of Technology University, Dehradun",Team 3554
3558,"Dehradun Institute Of Technology University, Dehradun",Team 3558
3562,"National Institute of Technology, Raipur",Team 3562
3572,"National Institute of Technology, Rourkela",Team 3572
3575,"Shri Ramdeobaba College Of  Engineering And Management, Nagpur",Team 3575
3576,"Harcourt Butler Technological Institute, Kanpur",Team 3576
3584,"CMR Institute Of Technology, Hyderabad",Team 3584
3586,Krishna Girls Engineering College,Team 3586
3589,"Faculty of Law,University of Delhi, Delhi",Team 3589
3590,"Institute of Engineering and Technology, Lucknow",Team 3590
3592,"Dr. Ram Manohar Lohia National Law University, Lucknow",Team 3592
3593,"Indian Institute of Technology, Guwahati",Team 3593
3596,"National Institute of Technology, Rourkela",Team 3596
3602,"Indian School of Mines, Dhanbad",Team 3602
3606,"Dehradun Institute Of Technology University, Dehradun",Team 3606
3609,The Institution of Engineers (INDIA),Team 3609
3621,K L UNIVERSITY,Team 3621
3627,"National Institute of Technology, Jamshedpur",Team 3627
3631,"Hindustan College of Science and Technology, Mathura",Team 3631
3632,"Dronacharya College of Engineering, Gurgaon",Team 3632
3636,"National Institute of Technology, Patna",Team 3636
3638,"Swami Sarvanand Giri Panjab University Regional Centre, Hoshiarpur",Team 3638
3639,"Nirma University, Ahmedabad",Team 3639
3641,"K J College of Engineering & Management Research, Pune",Team 3641
3648,Appa Institute Of Engineering And Technology,Team 3648
3654,"Gyan Ganga Institue Of Technology And Management, Bhopal",Team 3654
3657,"NATIONAL INSTITUTE OF TECHNOLOGY ,ROURKELA",Team 3657
3660,"Nirma University, Ahmedabad",Team 3660
3662,"Birla Institute of Technology, Ranchi",Team 3662
3663,"GMR Institute of Technology, Rajam -Srikakula",Team 3663
3664,"BKBIET, Pilani",Team 3664
3675,"Department of Management Studies (IIT Roorkee), Roorkee",Team 3675
3684,"Nirma University, Ahmedabad",Team 3684
3689,"Nirma University, Ahmedabad",Team 3689
3690,"Dayananda Sagar College of Engineering, Bangalore",Team 3690
3692,"Dronacharya College of Engineering, Gurgaon",Team 3692
3695,"Graphic Era University, Dehradun",Team 3695
3697,"Easwari Engineering College,Chennai",Team 3697
3698,"S.P. Jain Institute of Management and Research (SPJIMR), Mumbai",Team 3698
3699,IMS ENGINEERING COLLEGE,Team 3699
3702,DIT UNIVERSITY DEHRADUN,Team 3702
3705,P.D.l Dalmia College of Commerce and Economics,Team 3705
3711,"Netaji Subhash Institute of Technology, Delhi",Team 3711
3716,"Raj Kumar Goel Institute of Technology, Ghaziabad",Team 3716
3721,"Indian Institute of Technology, Kharagpur",Team 3721
3722,"College of Engineering and Management, Kolaghat",Team 3722
3723,"Dronacharya College of Engineering, Gurgaon",Team 3723
3724,Mukesh Patel School Of Technology Management & Engineering,Team 3724
3727,"Hindu College, Delhi",Team 3727
3735,"Sri Guru Gobind Singh College of Commerce, Delhi",Team 3735
3740,"Dr.Mahalingam College Of Engineering and Technology, Pollachi",Team 3740
3746,"Harcourt Butler Technological Institute, Kanpur",Team 3746
3748,"JNTU College of Engineering, Hyderabad",Team 3748
3750,"Faculty of architecture, Gautam buddha technical university, lucknow",Team 3750
3751,"Symbiosis institute of Media and Communication(SIMC), Pune",Team 3751
3753,"Indian Institute of Management, Kozhikode",Team 3753
3759,NIIT University,Team 3759
3760,"NLSIU, Bangalore",Team 3760
3762,"Great Lakes Institute of Management, Gurgaon",Team 3762
3767,"Indian Institute of Technology, Roorkee",Team 3767
3769,"Indian Institute of Management, Kozhikode",Team 3769
3773,"BIRLA INSTITUTE OF TECHNOLOGY,PATNA",Team 3773
3777,"S.R.M Engineering College, Chennai",Team 3777
3778,"Institute of Management, Nirma University, Ahmedabad",Team 3778
3782,"SSM Institute of Engineering and Technology, Dindigul",Team 3782
3783,Vignan's Institute of Engineering for Women,Team 3783
3784,"Indian Institute of Technology, Madras",Team 3784
3785,"Gautam Buddha University, Greater Noida",Team 3785
3787,"JNTU College of Engineering, Hyderabad",Team 3787
3789,People's Education Society,Team 3789
3790,"Ujjain Engineering College, Ujjain",Team 3790
3793,"national institute of technology,agartala",Team 3793
3795,"Birla Institute of Technology, Ranchi",Team 3795
3796,"apollo institute of hospital administration,jubliee hills",Team 3796
3799,"Bomma Institute of Technology and Science, Khammam",Team 3799
3805,"Don Bosco College Of Engineering And Technology- Azara-17, Assam",Team 3805
3806,Dehradun Institute Of Technology University,Team 3806
3810,"Indian Institute of Technology, Kanpur",Team 3810
3814,Young India Fellowship (Ashoka University),Team 3814
3820,"Gandhi Institute of Technology and Management University (GITAM),Vishakhapatnam",Team 3820
3821,"Babu Banarasi Das National Institute of Technology and Management, Lucknow",Team 3821
3823,Dhirubhai Ambani Institute of Information and Communication Technology,Team 3823
3825,"Indian Institute of Technology, Kharagpur",Team 3825
3826,"Indian Institute of Technology, Mandi",Team 3826
3830,"Indian Institute of Management, Ahmedabad",Team 3830
3831,Technocrats Institute of Technology(Excellence),Team 3831
3833,"Lady Hardinge Medical College, Delhi",Team 3833
3836,"CMR Institute Of Technology, Hyderabad",Team 3836
3839,"GLA university, Mathura",Team 3839
3846,"BNM Institute of Technology, Banashankari, Bangalore",Team 3846
3851,National Institute of Technology Karnataka,Team 3851
3854,"Mahatma Jyotiba Phule Rohilkhand University, Bareilly",Team 3854
3857,"Indian Institute of Technology, Delhi",Team 3857
3858,"Lady Hardinge Medical College, Delhi",Team 3858
3863,Manav Rachna International University,Team 3863
3867,Kalinga Institute of Industrial Technology,Team 3867
3869,"Indian Institute of Management, Lucknow",Team 3869
3870,"Amity University, Jaipur",Team 3870
3871,Institute of  Business Management,Team 3871
3872,"Gautam Buddha University, Greater Noida",Team 3872
3879,"Mahatma Jyotiba Phule Rohilkhand University, Bareilly",Team 3879
3882,"Institute of Engineering and Technology, Lucknow",Team 3882
3886,"Sreenidhi Institute of Science and Technology, Hyderabad",Team 3886
3889,"Department of English, Patna University",Team 3889
3897,"Nirma University, Ahmedabad",Team 3897
3900,"Gandhi Institute of Technology and Management University (GITAM),Vishakhapatnam",Team 3900
3901,"Thiagarajar College, Madurai",Team 3901
3908,"Campus Law Institute University, Delhi",Team 3908
3911,"Indian Institute of Foreign Trade, Delhi",Team 3911
3912,Symbiosis Institute of Design,Team 3912
3922,"RVR & JC college of engineering, Guntur",Team 3922
3924,"Symbiosis Institute of Mass Communication, Pune",Team 3924
3930,"Bapatla Engineering College, Bapatla",Team 3930
3931,"GLA institute of technology & management(GLA-ITM) , Mathura",Team 3931
3932,Mukesh Patel School Of Technology Management & Engineering,Team 3932
3933,"Dr.Mahalingam College Of Engineering and Technology, Pollachi",Team 3933
3937,"INDIAN SCHOOL OF MINES ,DHANBAD",Team 3937
3939,"International Institute of Information Technology, Hyderabad",Team 3939
3940,Dibrugarh University,Team 3940
3941,"D.I.T UNIVERSITY,DEHRADUN.",Team 3941
3946,"National Institute of Technology, Kurukshetra",Team 3946
3950,Madras Christian College,Team 3950
3953,NIIT University,Team 3953
3956,"Institute of Management Technology (IMT), Ghaziabad",Team 3956
3964,"Dehradun Institute of Technology University ,Dehradun",Team 3964
3965,"Maulana Azad National Institute of Technology, Bhopal",Team 3965
3972,"Karpagam College of Engineering,TN",Team 3972
3976,"CMR Institute Of Technology, Hyderabad",Team 3976
3979,Bhagwan Parshuram Institute of Technology,Team 3979
3980,"National Institute of Technology, Goa",Team 3980
3981,"Balaji Institute of Pharmaceutical Sciences (BIPS), Narsampet",Team 3981
3984,Veer Surendra Sai University of Technology,Team 3984
3986,Nitte Meenakshi Institute of Technology,Team 3986
3991,Lucknow University,Team 3991
3995,"National Institute of Technology, Kurukshetra",Team 3995
3996,"Dehradun Institute Of Technology University, Dehradun",Team 3996
3997,"Symbiosis Institute of Management Studies, Pune",Team 3997
3998,"Indian Institute of Technology, Madras",Team 3998
3999,"Gandhi Institute of Technology and Management University (GITAM),Vishakhapatnam",Team 3999
4000,"JECRC, Jaipur",Team 4000
4007,"Harcourt Butler Technological Institute, Kanpur",Team 4007
4012,DIT DEHRADUN,Team 4012
4016,DEHRADUN INSTITUTE OF TECHNOLOGY UNIVERSTITY,Team 4016
4021,"Azim Premji University, Bangalore",Team 4021
4022,"KJ college of engineering & management research,pune",Team 4022
4029,"Govt. Women Engineering College,Ajmer",Team 4029
4032,Feroze Gandhi Institute of Engineering and Technology,Team 4032
4035,"Vellore Institute Of Technology,Chennai campus",Team 4035
4038,"Osmania University College, Hyderabad",Team 4038
4041,hindustan institute of technology and management,Team 4041
4042,"Dronacharya College of Engineering, Greater Noida",Team 4042
4043,dayanand college latur,Team 4043
4045,Shri Ram Murti Smarak College of Engineering & Technology,Team 4045
4048,"Sydenham Institute Of Management Studies Research & Entrepreneurship Education(SIMSREE),Mumbai",Team 4048
4049,"Vellore Institute Of Technology,Chennai campus",Team 4049
4056,"National Institute of Technology, Raipur",Team 4056
4057,"GMR Institute of Technology, Rajam",Team 4057
4058,"Bholabhai Patel College of Computer Studies, Gandhinagar",Team 4058
4061,Sri Shakthi Institute of Engineering and Technology,Team 4061
4067,Aligarh Muslim University,Team 4067
4069,"Indian Institute of Technology, Madras",Team 4069
4070,"Nirma University, Ahmedabad",Team 4070
4080,L.J. Institute of Engineering & Technology,Team 4080
4081,Jai Narayan Vyas University,Team 4081
4082,"Indian Institute of Management, Calcutta",Team 4082
4086,"National Institute Of Technology, Jamshedpur",Team 4086
4087,NIIT University,Team 4087
4089,"Indian Institute of Technology, Patna",Team 4089
4097,"S.R.M Engineering College, Chennai",Team 4097
4100,"National Institute of Technology, Patna",Team 4100
4102,"Maulana Azad National Institute of Technology, Bhopal",Team 4102
4104,maya devi educational foundation,Team 4104
4113,dehradun institute of technology university,Team 4113
4115,"Indian Institute of Technology, Gandhinagar",Team 4115
4116,"GITAM University, Visakhapatnam",Team 4116
4119,"Nirma University, Ahmedabad",Team 4119
4123,Shankersinh Vaghela Bapu Institute of technology,Team 4123
4131,"SSBT's College of Engineering & Technology, Bambhori, Jalgaon",Team 4131
4132,"Indian Institute of Technology, Guwahati",Team 4132
4133,"University College of Engineering , Punjabi University , Patiala",Team 4133
4134,"Dehradun Institute Of Technology University, Dehradun",Team 4134
4137,SRM Institute of Management and Technology,Team 4137
4138,"Arunai College of Engineering, Tiruvannamalai",Team 4138
4139,"Chanakya National Law  University, Patna",Team 4139
4142,"S.R.M Engineering College, Chennai",Team 4142
4143,"Dronacharya College of Engineering, Greater Noida",Team 4143
4148,"National Institute of Technology, Rourkela",Team 4148
4149,Delhi Insitute of Advances Studies,Team 4149
4153,"TERI University, New Delhi",Team 4153
4154,Kalinga Institute of Industrial Technology,Team 4154
4158,G.B Pant Engineering College,Team 4158
4161,"Lovely Professional University,Punjab",Team 4161
4167,"Shaheed Bhagat Singh College, Delhi",Team 4167
4175,"Netaji Subhash Institute of Technology, Delhi",Team 4175
4178,kanoria pg mahila mahavidyalaya jaipur,Team 4178
4180,"Indian Institute of Technology, Madras",Team 4180
4184,"Bhilai Institute of Technology, Durg",Team 4184
4186,"jairam college of arts and science ,salem",Team 4186
4189,GANDHI INSTITUTE OF TECHNOLOGY AND MANAGEMENT,Team 4189
4190,Loreto College,Team 4190
4191,"Sydenham Institute Of Management Studies Research & Entrepreneurship Education(SIMSREE),Mumbai",Team 4191
4194,"Sydenham Institute Of Management Studies Research & Entrepreneurship Education(SIMSREE),Mumbai",Team 4194
4198,"Dehradun Institute of Technology (DIT), Dehradun",Team 4198
4204,"national institute of technology, jamshedpur",Team 4204
4205,"School of Technology,Kalinga Institute of Industrial Technology (KIIT University)",Team 4205
4208,"Gandhi Institute of Technology and Management University (GITAM) , HYDERABAD.",Team 4208
4210,"Amity Unversity , Lucknow",Team 4210
4211,"Graphic Era University, Dehradun",Team 4211
4212,Galgotia's college of engg. and tech.,Team 4212
4215,"Vidyalankar Institute Of Technology, Mumbai",Team 4215
4216,"Damodaram Sanjivayya National Law University, Vishakhapatnam",Team 4216
4218,Manyawar kanshi ram engginerig college of information technology,Team 4218
4220,"National Institute of Technology, Rourkela",Team 4220
4222,#N/A,Team 4222
4229,"college of engineering,pune",Team 4229
4233,"Thiagarajar College, Madurai",Team 4233
4234,"Rishiraj Institute of Technology, Indore",Team 4234
4235,R V R & J C COLLEGE OF ENGINEERING,Team 4235
4236,Raajdhani Engineering College,Team 4236
4238,"Dr. Ram Manohar Lohia National Law University, Lucknow",Team 4238
4239,jaypee university of engg. and technology,Team 4239
4245,"padmashree dr d y patil institute of engineering and technology, pune",Team 4245
4247,U.V.Patel College of Engineering,Team 4247
4251,"DY Patil College of engineering, akurdi, pune.",Team 4251
4262,"Damodaram Sanjivayya National Law University, Vishakhapatnam",Team 4262
4263,"MIT College of Engineering, Pune",Team 4263
4264,"Holy Mary Institute of technology and science,hyderbad",Team 4264
4266,"Jeppiaar  Engineering college ,chennai ,Tamilnadu",Team 4266
4275,"Birla Institute of Technology,Mesra-Ext. Centre- Jaipur",Team 4275
4276,"Nirma University, Ahmedabad",Team 4276
4281,"ADICHUNCHANAGIRI INSTITUTE OF TECHNOLOGY,CHIKMAGALUR,KARNATAKA",Team 4281
4287,"National Institute of Technology, Rourkela",Team 4287
4288,"Dehradun Institute Of Technology University, Dehradun",Team 4288
4301,"Delhi technological university, Delhi",Team 4301
4302,"Symbiosis Institute of Institute of Media And Communication,Pune",Team 4302
4307,"GMR Institute of Technology, Rajam",Team 4307
4308,"Amity University, Lucknow",Team 4308
4310,"College of Vocational Studies, New Delhi",Team 4310
4311,"Nirma University, Ahmedabad",Team 4311
4313,"Hansraj College, Delhi",Team 4313
4315,"RAJ KUMAR GOEL INSTITUTE OF TECHNOLOGY FOR WOMEN, GHAZIABAD",Team 4315
4326,"Nirma University, Ahmedabad",Team 4326
4328,"Inderprastha Engineering College, Ghaziabad",Team 4328
4333,dr b c roy enggineering college durgapur,Team 4333
4334,"Nirma University, Ahmedabad",Team 4334
4337,"Institute Of Law,Nirma University",Team 4337
4340,"Sri Guru Gobind Singh College of Commerce, Delhi",Team 4340
4343,"Symbiosis Institute of Mass Communication, Pune",Team 4343
4344,anbil dharmalingam agricultural college and rsearch institute trichy -9,Team 4344
4350,"Netaji Subhash Institute of Technology, Delhi",Team 4350
4352,"Thapar Institute of Engineering and Technlogy, Patiala",Team 4352
4353,jssate,Team 4353
4359,shri shankracharya group of institutions,Team 4359
4360,"Bipin Tripathi Kumaoun Institute Of Technology,Dwarahat",Team 4360
4373,"Sreenidhi Institute of Science and Technology, Hyderabad",Team 4373
4378,"Indian Institute of Management, Ahmedabad",Team 4378
4382,"Indian Institute of Technology, Kharagpur",Team 4382
4386,"Narsee Monjee Institute Of Management Studies, Mumbai",Team 4386
4387,"Dehradun Institute Of Technology University, Dehradun",Team 4387
4391,Balaji Institute Of Engineering and Sciences,Team 4391
4394,"Mahatma Gandhi Institute of Technology, Hyderabad",Team 4394
4396,"Noida International University, IMR",Team 4396
4397,"Nirma University, Ahmedabad",Team 4397
4401,"Jairam arts & science college,salem",Team 4401
4402,"Swami Sarvanand Giri Panjab University Regional Centre, Hoshiarpur",Team 4402
4404,"Swami Sarvanand Giri Panjab University Regional Centre, Hoshiarpur",Team 4404
4406,"Swami Sarvanand Giri Panjab University Regional Centre, Hoshiarpur",Team 4406
4409,"Nirma University, Ahmedabad",Team 4409
4412,"Jesus & Mary College, Delhi",Team 4412
4413,CHANDIGARH GROUP OF COLLEGE,Team 4413
4414,"Hindustan College of Science and Technology, Mathura",Team 4414
4415,"Nirma University, Ahmedabad",Team 4415
4417,"Indian Institute of Technology, Kharagpur",Team 4417
4419,"Sri Guru Gobind Singh College of Commerce, Delhi",Team 4419
4420,"Dehradun Institute Of Technology University, Dehradun",Team 4420
4422,Kalinga Institute of Industrial Technology,Team 4422
4423,"CMR Institute Of Technology, Hyderabad",Team 4423
4431,SOL Delhi Unviersity,Team 4431
4432,"Indian Institute of Foreign Trade, Delhi",Team 4432
4433,"Netaji Subhash Institute of Technology, Delhi",Team 4433
4435,"University of Petroleum & Energy Studies, Dehradun",Team 4435
4436,"Jaipur Engineering College, Jaipur",Team 4436
4437,"National Institute of Technology, Raipur",Team 4437
4438,Institute of Rural Management Anand,Team 4438
4439,"G. H. Raisoni College Of Engineering,Nagpur",Team 4439
4442,"Dehradun Institute Of Technology University, Dehradun",Team 4442
4443,"Indian Institute of Management, Lucknow",Team 4443
4446,"Nirma University, Ahmedabad",Team 4446
4450,"Hindu College, Delhi",Team 4450
4452,"University of Petroleum & Energy Studies, Dehradun",Team 4452
4453,"Birla Institute of Technology, Ranchi",Team 4453
4456,"Indian Institute of Management, Indore",Team 4456
4457,HMR Institute of Technology and Management,Team 4457
4458,"Gandhi Institute of Technology and Management University (GITAM),Vishakhapatnam",Team 4458
4461,"Damodaram Sanjivayya National Law University, Vishakhapatnam",Team 4461
4462,"G.B Pant Government Engineering College, New Delhi",Team 4462
4464,"National Institute of Technology, Raipur",Team 4464
4465,"Maulana Azad National Institute of Technology, Bhopal",Team 4465
4466,University of Petroleum and Energy Studies,Team 4466
4471,"National Institute of Technology, Jamshedpur",Team 4471
4472,Jairam arts& science college,Team 4472
4473,"Nirma University, Ahmedabad",Team 4473
4475,"Vishwakarma Institute of Technology, Pune",Team 4475
4477,"National Institute of Technology, Kurukshetra",Team 4477
4478,Netaji Subhash Engineering College,Team 4478
4479,"Gandhi Institute of Technology and Management University (GITAM),Vishakhapatnam",Team 4479
4482,National Institute Of Technology Agartala,Team 4482
4484,"Indian Institute of Technology, Madras",Team 4484
4491,"Gandhi Institute of Technology and Management University (GITAM),Vishakhapatnam",Team 4491
4492,"Dr. Ram Manohar Lohia National Law University, Lucknow",Team 4492
4493,Ajay Kumar Garg Engineering College,Team 4493
4495,"Institute of Management, Nirma University, Ahmedabad",Team 4495
4497,"UIET PUSSGRC,Hoshiarpur",Team 4497
4499,"GLA institute of technology & management(GLA-ITM) , Mathura",Team 4499
4502,"GLA institute of technology & management(GLA-ITM) , Mathura",Team 4502
4504,"Galgotias College Of Engineering and Technoloy, Greater Noida",Team 4504
4511,"JSS Academy of Technical Education, Noida",Team 4511
4513,Meerut Institute of Engginering and Technology,Team 4513
4514,"Indian Institute of Technology, Roorkee",Team 4514
4518,"Birla Institute of Technology, Ranchi",Team 4518
4519,"Indian Institute of Technology, Kharagpur",Team 4519
4525,"National Institute of Technology, Rourkela",Team 4525
4526,"Integral University, Lucknow",Team 4526
4527,"jairam arts and science college,salem.",Team 4527
4529,"Jairam Arts and Science of College,Salem",Team 4529
4538,"Amity University, Lucknow",Team 4538
4541,"Amity University, Noida",Team 4541
4542,"Motilal Nehru Institute of Technology, Allahabad",Team 4542
4544,"University of Petroleum & Energy Studies, Dehradun",Team 4544
4550,"Dehradun Institute Of Technology University, Dehradun",Team 4550
4555,"Institute Of Technology & Management (I.T.M.), Bhilwara",Team 4555
4558,"Amity University, Noida",Team 4558
4559,SHRI SHANKARACHARYA GROUP OF  INSTITUTIONS,Team 4559
4562,"Government College of Engineering(COEP), Pune",Team 4562
4563,"Amity University, Lucknow",Team 4563
4566,"Dehradun Institute Of Technology University, Dehradun",Team 4566
4570,"Amity University, Noida",Team 4570
4571,Jagannath Gupta Institute of Engineering and Technology,Team 4571
4577,"Indian Institute of Technology, Kharagpur",Team 4577
4578,"sheshadripura first grade college, yellhanka",Team 4578
4579,"Indian Institute of Technology, Kharagpur",Team 4579
4581,"Gandhi Institute of Technology and Management University (GITAM),Vishakhapatnam",Team 4581
4582,"Dr. Ram Manohar Lohia National Law University, Lucknow",Team 4582
4585,"SHANKER SINGH VAGHELA BAPU INSTITUTE OF TECHNOLOGY   ,   GANDHINAGAR    ,   GUJARAT",Team 4585
4588,"University of Petroleum & Energy Studies, Dehradun",Team 4588
4589,"Manipal Institute of Technology, Manipal",Team 4589
4590,"Dronacharya College of Engineering, Gurgaon",Team 4590
4591,"Institute of Management Technology (IMT), Ghaziabad",Team 4591
4599,"Dehradun Institute Of Technology University, Dehradun",Team 4599
4600,jairam arts & science college,Team 4600
4603,jyothishmathi institute of technology and science,Team 4603
4604,"K J College of Engineering & Management Research, Pune",Team 4604
4606,"Gandhi Institute of Technology and Management University (GITAM),Vishakhapatnam",Team 4606
4607,Pune Vidyarthi Griha,Team 4607
4608,Rmk college of engineering and technology,Team 4608
4612,"Sreenidhi Institute of Science and Technology, Hyderabad",Team 4612
4613,"National Law University, Jodhpur",Team 4613
4615,"Dehradun Institute Of Technology University, Dehradun",Team 4615
4617,"Adichunchanagiri institute of technology,chikmagalur,karnataka",Team 4617
4618,St. Thomas' College of Engineering & Technology,Team 4618
4619,Kalinga Institute of Industrial Technology,Team 4619
4620,"Gandhi Institute of Technology and Management University (GITAM),Vishakhapatnam",Team 4620
4621,"jntu college of engineering,kondagattu",Team 4621
4625,"Dr. D.Y. Patil Institute of Engineering and Technology, Pune",Team 4625
4627,"Dehradun Institute Of Technology University, Dehradun",Team 4627
4628,"University of Hyderabad, Hyderabad",Team 4628
4629,"Delhi School of Economics, Delhi",Team 4629
4631,"Dr. Ram Manohar Lohia National Law University, Lucknow",Team 4631
4637,"Faculty of Management Studies, BHU",Team 4637
4638,"IET BHADDAL TECHNICAL CAMPUS,ROPAR",Team 4638
4639,"Indian Institute of Information Technology, Allahabad",Team 4639
4640,"University School of Chemical Technology, GGSIPU",Team 4640
4642,Tata Institute of Social Sciences(TISS),Team 4642
4645,"Maulana Azad National Institute of Technology, Bhopal",Team 4645
4648,"Amrita Vishwa Vidyapeetham, Coimbatore",Team 4648
4651,"Hindustan College of Science and Technology, Mathura",Team 4651
4652,"BABA INSTITUTE OF TECHNOLOGY AND SCIENCES,visakhapatnam",Team 4652
4653,Kalinga Institute of Industrial Technology,Team 4653
4655,"BKBIET, Pilani",Team 4655
4656,"Dr. Ram Manohar Lohia National Law University, Lucknow",Team 4656
4657,"C V Raman College Of Engineering, Bhubaneswar",Team 4657
4658,Tata Institute of Social Sciences(TISS),Team 4658
4667,"Indian School of Business (ISB), Hyderabad",Team 4667
4674,"Indian Institute of Technology, Kanpur",Team 4674
4675,"Amity University, Noida",Team 4675
4679,"Indian Maritime University, Chennai",Team 4679
4681,"Indian Institute of Technology, Madras",Team 4681
4682,"Indian Institute of Technology, Madras",Team 4682
4684,Seshadripuram First Grade College,Team 4684
4690,"Dehradun Institute Of Technology University, Dehradun",Team 4690
4691,"St. Xavier's College, Kolkata",Team 4691
4692,"Indian Institute of Management, Ahmedabad",Team 4692
4694,Raghu Engineering College,Team 4694
4695,"Amity College of Commerce and Finance,Noida",Team 4695
4696,"St.Xavier's College, Mumbai",Team 4696
4697,institute of information technology and management (iitm) gwalior,Team 4697
4699,"Indian Institute of Management, Ranchi",Team 4699
4711,"S.R.M University, Kattankulathur",Team 4711
4717,"National Institute of Technology, Kurukshetra",Team 4717
4724,"HINDUSTAN  INSTITUTE OF TECHNOLOGY AND MANAGEMENT, AGRA",Team 4724
4725,"Swami Sarvanand Giri Panjab University Regional Centre, Hoshiarpur",Team 4725
4726,GODAVARI COLLEGE OF ENGINEERING,Team 4726
4731,"College of Engineering, Pune",Team 4731
4733,"Symbiosis institute of Media and Communication(SIMC), Pune",Team 4733
4734,"Institute of Technology and Management, Gwalior",Team 4734
4738,"SES COLLEGE, SEEKANDAPURAM",Team 4738
4741,LINGAYA'S UNIVERSITY,Team 4741
4747,"Model College, Dombivli",Team 4747
4753,"Hindustan College of Science and Technology, Mathura",Team 4753
4755,"Wilson College, Mumbai",Team 4755
4758,"Pune Vidhyarthi Griha's College of Engineeering & Technology,Pune",Team 4758
4762,"Maulana Azad National Institute of Technology, Bhopal",Team 4762
4764,"National Institute of Technology, Raipur",Team 4764
4765,"Indian Institute of Management, Tiruchirapally",Team 4765
4766,"Indian Institute of Technology, Mumbai",Team 4766
4769,"Rishiraj Institute Of Technology,Indore",Team 4769
4771,Federal Institute of Science and Technology (FISAT),Team 4771
4774,"Nirma University, Ahmedabad",Team 4774
4778,Pune Vidyarthi Griha's College of Engineering and Technology,Team 4778
4781,National Institute Of Technology Agartala,Team 4781
4784,"GLA institute of technology & management(GLA-ITM) , Mathura",Team 4784
4785,"Amity University, Lucknow",Team 4785
4786,National Institute Of Technology Agartala,Team 4786
4788,"Gandhi Institute of Technology and Management University (GITAM),Vishakhapatnam",Team 4788
4789,"Dronacharya College of Engineering, Gurgaon",Team 4789
4793,Narasaraopeta Engineering College,Team 4793
4794,"National Institute of Technology, Raipur",Team 4794
4801,"Hindustan institute of technology and management,agra",Team 4801
4803,Kalinga Institute of Industrial Technology,Team 4803
4805,"Indian School of Business, Mohali",Team 4805
4814,"Amity University, Noida",Team 4814
4815,"Netaji Subhash Institute of Technology, Delhi",Team 4815
4819,"Amity University, Lucknow",Team 4819
4820,university of petroleum and energy studies,Team 4820
4825,UDAY KUMAR.CH,Team 4825
4827,"Dronacharya College of Engineering, Gurgaon",Team 4827
4828,"Birla Institute of Technology and Science (BITS), Pilani",Team 4828
4831,pune vidyarthi griha's college of engineering and technology,Team 4831
4836,"Indian Institute of Technology, Madras",Team 4836
4841,"Institute of Management Technology (IMT), Ghaziabad",Team 4841
4842,"Institute of Management Technology (IMT), Ghaziabad",Team 4842
4844,"G.M. VEDAK INSTITUTE OF TECHNOLOGY,TALA,RAIGAD",Team 4844
4845,"Indian Institute of Technology, Roorkee",Team 4845
4856,"National Institute of Technology, Raipur",Team 4856
4859,"Mahatma Gandhi Institute of Technology, Hyderabad",Team 4859
4862,"Dr. S and S. S. Gandhy Government Engineering College, Surat",Team 4862
4864,"Sri Guru Gobind Singh College of Commerce, Delhi",Team 4864
4866,"Ujjain Engineering College,Ujjain",Team 4866
4869,"Amity University, Lucknow",Team 4869
4871,"Dronacharya College of Engineering, Gurgaon",Team 4871
4872,J.P Instituteof engineering & technology,Team 4872
4875,bundelkhand university,Team 4875
4883,"Institute of Engineering and Technology, Lucknow",Team 4883
4887,N.R.I.B.A,Team 4887
4892,"Jaipuria Institute of Management, Lucknow",Team 4892
4893,"Indian Institute of Technology, Madras",Team 4893
4899,"Mahatma Jyotiba Phule Rohilkhand University, Bareilly",Team 4899
4901,"Institute of Technology, GGV, Bilaspur",Team 4901
4905,"Bannari Amman Institute of Technology, Sathyamangalam",Team 4905
4908,"Institute of Engineering and Technology (IET-DAVV),Indore",Team 4908
4916,"Dronacharya College of Engineering, Gurgaon",Team 4916
4920,Kalinga Institute of Industrial Technology,Team 4920
4928,#N/A,Team 4928
4931,"S.R.M Engineering College, Chennai",Team 4931
4934,"Dehradun Institute Of Technology University, Dehradun",Team 4934
4936,school of commerce and management studies,Team 4936
4942,Medicaps Group of Institutions,Team 4942
4951,"Dronacharya College of Engineering, Gurgaon",Team 4951
4952,"Dronacharya College of Engineering, Gurgaon",Team 4952
4959,"Dronacharya College of Engineering, Gurgaon",Team 4959
4962,"Dronacharya College of Engineering, Gurgaon",Team 4962
4965,"R.V.R & J.C College of Engineering, Guntur",Team 4965
4968,"Dronacharya College of Engineering, Gurgaon",Team 4968
4969,Sardar Patel Institute of Technology,Team 4969
4972,"Vellore Institute of Technology, Vellore",Team 4972
4978,"Dronacharya College of Engineering, Gurgaon",Team 4978
4981,"Dronacharya College of Engineering, Gurgaon",Team 4981
4984,"Institute of Management Technology (IMT), Ghaziabad",Team 4984
4988,"Indian Institute of Technology, Mumbai",Team 4988
4989,Saranathan College of Engineering,Team 4989
4992,George College of Management and Science,Team 4992
4993,"Babu Banarasi Das National Institute of Technology and Management, Lucknow",Team 4993
4994,"Indian Institute of Technology, Ropar",Team 4994
4997,BM College of Technology & Management,Team 4997
5001,"GLA institute of technology & management(GLA-ITM) , Mathura",Team 5001
5003,"College of Engineering, Pune",Team 5003
5010,"Hindustan College of Science and Technology, Mathura",Team 5010
5012,"Dehradun Institute Of Technology University, Dehradun",Team 5012
5013,"National Institute of Technology, Raipur",Team 5013
5017,"Indian Institute of Technology, Madras",Team 5017
5018,Delhi University,Team 5018
5020,"National Institute of Technology, Kurukshetra",Team 5020
5025,"SRM University, NCR Campus",Team 5025
5026,"National Institute of Technology, Calicut",Team 5026
5029,"Swami Sarvanand Giri Panjab University Regional Centre, Hoshiarpur",Team 5029
5031,"Veer Mata Jijabai Technological Institute(VJTI), Mumbai",Team 5031
5033,"Maulana Azad National Institute of Technology, Bhopal",Team 5033
5034,"Dronacharya College of Engineering, Gurgaon",Team 5034
5036,Kalinga Institute of Industrial Technology,Team 5036
5038,"Indian Institute of Management, Kozhikode",Team 5038
5039,#N/A,Team 5039
5042,"Indian Institute of Technology, Kanpur",Team 5042
5045,MET INSTITUTE OF MANAGEMENT.,Team 5045
5047,"Lovely Professional University,Punjab",Team 5047
5068,"Sreenidhi Institute of Science and Technology, Hyderabad",Team 5068
5075,LJIET,Team 5075
5076,HINDUSTAN INSTITUTE OF MANAGEMENT & COMPUTER STUDIES,Team 5076
5078,"Satyam College of Education, Noida",Team 5078
5081,"Indian Institute of Technology, Mumbai",Team 5081
5082,"JSS Academy of Technical Education, Noida",Team 5082
5087,"Indian Institute of Technology, Madras",Team 5087
5088,"North Maharashtra University, Jalgaon",Team 5088
5089,"Symbiosis Law School, Noida",Team 5089
5092,"National Institute of Technology, Patna",Team 5092
5095,UNIVERSITY INSTITUTE OF TECHNOLOGY,Team 5095
5096,"Amity University, Lucknow",Team 5096
5103,"Amity University, Lucknow",Team 5103
5106,HINDUSTAN INSTITUTE OF TECHNOLOGY AND MANAGEMENT,Team 5106
5108,"Swami Sarvanand Giri Panjab University Regional Centre, Hoshiarpur",Team 5108
5111,National Institute of Technology Karnataka,Team 5111
5116,Manohar Lal Mahavidyalaya,Team 5116
5121,"Modi Institute of Technology, Kota",Team 5121
5123,"KLE's B.V.B College of Engineering and Technology, Hubli",Team 5123
5129,ADHICHUNCHANAGIRI INSTITUTE OF TECHNOLOGY,Team 5129
5130,"Gandhi Institute of Technology and Management University (GITAM),Vishakhapatnam",Team 5130
5134,"HI-TECH Institute of Engineering & Technology, Ghaziabad",Team 5134
5138,"National Institute of Technology, Raipur",Team 5138
5141,"University of Petroleum & Energy Studies, Dehradun",Team 5141
5144,"CMR Institute Of Technology, Hyderabad",Team 5144
5149,"H K College of Pharmacy, Mumbai",Team 5149
5151,"Indian School of Business (ISB), Hyderabad",Team 5151
5155,Chettinad dental college and research institute,Team 5155
5157,"Hindustan College of Science and Technology, Mathura",Team 5157
5160,"Dronacharya College of Engineering, Gurgaon",Team 5160
5161,"Dronacharya College of Engineering, Gurgaon",Team 5161
5162,"National Institute of Technology, Raipur",Team 5162
5164,"Amity College of Commerce and Finance, Noida",Team 5164
5165,"Dronacharya College of Engineering, Gurgaon",Team 5165
5167,"Dronacharya College of Engineering, Gurgaon",Team 5167
5168,"Dronacharya College of Engineering, Gurgaon",Team 5168
5172,"SIES Graduate School Of Technology, Navi Mumbai",Team 5172
5177,"Dronacharya College of Engineering, Gurgaon",Team 5177
5178,National Institute Of Technology Agartala,Team 5178
5179,"B.K.Birla Institute of Engineering and Technology, Pilani",Team 5179
5180,"Dronacharya College of Engineering, Gurgaon",Team 5180
5181,"Dehradun Institute Of Technology University, Dehradun",Team 5181
5185,HI-TECH INSTITUTE OF ENGINEERING & TECHNOLOGY,Team 5185
5189,"Dronacharya College of Engineering, Gurgaon",Team 5189
5195,"Dronacharya College of Engineering, Gurgaon",Team 5195
5196,SARANATHAN COLLEGE OF ENGINEERING,Team 5196
5197,Indraprastha Enginnering College,Team 5197
5204,"Hi-Tech Institute of Engineering & Technology, Ghaziabad",Team 5204
5205,Saranathan College of Engineering,Team 5205
5206,"National Institute of Technology, Raipur",Team 5206
5215,"Dronacharya College of Engineering, Gurgaon",Team 5215
5218,"University Institute of Technology, Rajiv Gandhi Prodyogiki Vishwavidyalaya",Team 5218
5221,Symbiosis Centre for Information Technology (SCIT),Team 5221
5222,"Gandhi Institute of Technology and Management University (GITAM),Vishakhapatnam",Team 5222
5228,"Indian Institute of Technology, Madras",Team 5228
5237,"Shri Ram College of Commerce (SRCC), Delhi",Team 5237
5239,"Indian Institute of Technology, Kanpur",Team 5239
5246,"GLA institute of technology & management(GLA-ITM) , Mathura",Team 5246
5262,"GLA institute of technology & management(GLA-ITM) , Mathura",Team 5262
5263,"University of Petroleum & Energy Studies, Dehradun",Team 5263
5265,"Swami Sarvanand Giri Panjab University Regional Centre, Hoshiarpur",Team 5265
5266,"Dronacharya College of Engineering, Gurgaon",Team 5266
5268,Appa Institute Of Engineering And Technology,Team 5268
5279,"JAIPURIA INSTITUTE OF MANAGEMENT STUDIES, GHAZIABAD",Team 5279
5285,"JAIPURIA INSTITUTE OF MANAGEMENT STUDIES, GHAZIABAD",Team 5285
5290,Medicaps Institute Of Technology And Management,Team 5290
5292,"C.R.Engineering College,Tirupati",Team 5292
5299,LNM Institute of Information Technology,Team 5299
5300,"Jaipuria  Institute of  Management, Lucknow",Team 5300
5305,"Dronacharya College of Engineering, Gurgaon",Team 5305
5306,"Swami Sarvanand Giri Panjab University Regional Centre, Hoshiarpur",Team 5306
5309,"National Institute of Technology, Rourkela",Team 5309
5310,Vellore Institute of Technology,Team 5310
5312,"Indian Institute of Technology, Delhi",Team 5312
5318,"Nirma University, Ahmedabad",Team 5318
5324,Army Institute of Technology,Team 5324
5325,"Hindustan College of Science and Technology, Mathura",Team 5325
5326,"Dronacharya College of Engineering, Gurgaon",Team 5326
5328,"Manipal Institute of Technology, Manipal",Team 5328
5330,Vinayaka Mission's Kirupananda Variyar Engineering College,Team 5330
5331,"The Oxford College Of Engineering, Bangalore",Team 5331
5333,"Dehradun Institute Of Technology University, Dehradun",Team 5333
5337,"University School of Law and Legal Studies, GGSIPU",Team 5337
5338,NIRMA INSTITUTE OF TECHNOLOGY,Team 5338
5339,"Birla Institute of Technology and Science,  Pilani",Team 5339
5340,sonari college,Team 5340
5341,"CMR Institute Of Technology, Hyderabad",Team 5341
5342,"Dronacharya College of Engineering, Gurgaon",Team 5342
5345,"Dronacharya College of Engineering, Gurgaon",Team 5345
5348,"Hindustan College of Science and Technology, Mathura",Team 5348
5352,"Hindustan College of Science and Technology, Mathura",Team 5352
5356,"Indian Institute of Technology, Roorkee",Team 5356
5358,"Dronacharya College of Engineering, Gurgaon",Team 5358
5359,"Indian Institute of Foreign Trade, Delhi",Team 5359
5360,"Maharaja Agrasen College, GGSIPU, Delhi",Team 5360
5365,Faculty of Engineering & Technology Agra College,Team 5365
5368,"University Institute of Technology, Rajiv Gandhi Prodyogiki Vishwavidyalaya",Team 5368
5371,"Nirma University, Ahmedabad",Team 5371
5375,"agra college, agra",Team 5375
5376,"Dronacharya College of Engineering, Gurgaon",Team 5376
5379,"Galgotias College Of Engineering and Technoloy, Greater Noida",Team 5379
5380,"Indian School of Business, Mohali",Team 5380
5382,"Shaheed Bhagat Singh State Technical  Campus, Ferozepur",Team 5382
5386,"Dronacharya College of Engineering, Gurgaon",Team 5386
5387,"ABES Engineering College,  Ghaziabad",Team 5387
5389,"Feroze Gandhi Institute of Engineering & Technology,Raebareli(U.P)",Team 5389
5392,NATIONAL INSTITUTE OF TECHNOLOGY KURUKSHETRA,Team 5392
5393,"Indian Institute of Management, Ahmedabad",Team 5393
5400,"HI-TECH INSTITUTE of ENGINEERING &TECHNOLOGY, GHAZIABAD",Team 5400
5404,Kalinga Institute of Industrial Technology,Team 5404
5408,"Dr. Ram Manohar Lohia National Law University, Lucknow",Team 5408
5409,Kalinga Institute of Industrial Technology,Team 5409
5411,"Government College of Engineering(COEP), Pune",Team 5411
5414,"Birla Institute of Technology, Ranchi",Team 5414
5417,"Institute of Engineering and Technology, Lucknow",Team 5417
5418,International institute of Information Technology(IIIT-Bh),Team 5418
5419,"Indian Institute of Technology, Kharagpur",Team 5419
5420,"Indian Institute of Technology, Kanpur",Team 5420
5426,"Guru Nanak Institutions Technical Campus , Hyderabad",Team 5426
5427,Hi-tech institute of engineering and technology,Team 5427
5431,"Symbiosis institute of Media and Communication(SIMC), Pune",Team 5431
5432,RAGHU INSTITUTE OF TECHNOLOGY,Team 5432
5436,"Rishiraj Institute Of Technology,Indore",Team 5436
5438,M.J.P. ROHILKHAND UNIVERSITY BAREILLY,Team 5438
5439,"Sri Guru Gobind Singh College of Commerce, Delhi",Team 5439
5440,"S.R.M Engineering College, Chennai",Team 5440
5444,Saranathan College of Engineering,Team 5444
5446,"Institute of Pharmacy, Nirma University,Ahmedabad",Team 5446
5452,Balaji Institute of Engineering Sciences,Team 5452
5455,"JNTU College of Engineering, Hyderabad",Team 5455
5460,Kalinga Institute of Industrial Technology,Team 5460
5463,"Vishwakarma Institute of Technology, Pune",Team 5463
5474,"JNTU College of Engineering, Hyderabad",Team 5474
5475,birla institute of technology mesra jaipur campus,Team 5475
5478,"Institute of Technology, GGV, Bilaspur",Team 5478
5480,Pune Vidhyarthi Griha's College of engineering and technology Pune,Team 5480
5482,"jyothishmathi institute of technology and science,karimnagar",Team 5482
5485,t.n.rao - rajkot,Team 5485
5486,"Integral University, Lucknow",Team 5486
5487,RAGHU ENGINEERING COLLEGE,Team 5487
5489,"Mahatma Gandhi College of Engineering and Technology, Noida",Team 5489
5491,Mahatma Gandhi Mission's College Of Engineering,Team 5491
5498,"Indian Institute of Technology, Madras",Team 5498
5499,"National Institute of Technology, Calicut",Team 5499
5500,raghu engineering college,Team 5500
5501,"Amrita Vishwa Vidyapeetham, Kollam",Team 5501
5502,"Indian Institute of Management, Rohtak",Team 5502
5504,"Amrita Vishwa Vidyapeetham, Coimbatore",Team 5504
5506,Hitech institute of engineering and technology,Team 5506
5509,Saranathan College Of Engineering,Team 5509
5510,"Asansol Engineering College, Asansol",Team 5510
5513,"JNTUHCEJ,Jagityal,Andhra Pradesh",Team 5513
5515,"St.Xavier's College,Patna",Team 5515
5516,"Dronacharya College of Engineering, Gurgaon",Team 5516
5521,"B B S College Of Engineering & Technology,Allahabad",Team 5521
5523,"University Institute of Technology, Rajiv Gandhi Prodyogiki Vishwavidyalaya",Team 5523
5524,"Bhilai Institute of Technology, Durg",Team 5524
5525,"Institute of Engineering and Technology (IET-DAVV),Indore",Team 5525
5526,Seshadripuram First Grade College Yelahanka,Team 5526
5528,BANSAL COLLEGE OF ENGINEERING MANDIDEEP,Team 5528
5533,"Gandhi Institute For Technology,BBSR",Team 5533
5534,Babaria Institute of Technology,Team 5534
5536,"University of Hyderabad, Hyderabad",Team 5536
5537,"Amity University, Jaipur",Team 5537
5540,"NUJS, Kolkata",Team 5540
5541,RV College of Engineering,Team 5541
5542,SARANATHAN COLLEGE OF ENGINEERING,Team 5542
5547,"CMR Institute Of Technology, Hyderabad",Team 5547
5548,"Government Polytechnic college, Ajmer(RAJ.)",Team 5548
5551,"JSS Academy of Technical Education, Noida",Team 5551
5553,"Vishwakarma Institute of Technology, Pune",Team 5553
5554,sreyas institute of engineering technology,Team 5554
5555,"Indian School of Business, Mohali",Team 5555
5556,#N/A,Team 5556
5560,"srm university , ncr campus , ghaziabad",Team 5560
5566,TERI University,Team 5566
5567,"GLA institute of technology & management(GLA-ITM) , Mathura",Team 5567
5570,"Indian Institute of Technology, Roorkee",Team 5570
5573,"Nirma University, Ahmedabad",Team 5573
5576,"Gandhi Institute of Technology and Management University (GITAM),Vishakhapatnam",Team 5576
5578,"Rani Durgavati Vishwavidyalaya ,Jabalpur",Team 5578
5581,Lucknow University,Team 5581
5585,"Indian Institute of Technology, Mumbai",Team 5585
5587,"Indian Institute of Foreign Trade, Delhi",Team 5587
5602,"Raajdhani Engineering College, Bhubaneshwar",Team 5602
5603,"Hansraj College, Delhi",Team 5603
5605,"CMR Institute Of Technology, Hyderabad",Team 5605
5608,"Birla Institute of Technology and Science (BITS), Pilani",Team 5608
5609,"S.R.M Engineering College, Chennai",Team 5609
5618,"Indian Institute of Management, Ahmedabad",Team 5618
5620,"Ujjain Engineering College, Ujjain",Team 5620
5621,"Sreenidhi Institute of Science and Technology, Hyderabad",Team 5621
5623,"Birla Institute of Technology and Science (BITS), Pilani",Team 5623
5628,"National Institute of Technology, Rourkela",Team 5628
5632,"Vishwakarma Institute of Technology, Pune",Team 5632
5633,"ABES Engineering College,  Ghaziabad",Team 5633
5635,"Hindustan College of Science and Technology, Mathura",Team 5635
5637,"Dronacharya College of Engineering, Gurgaon",Team 5637
5639,Hindustan Institute of Technology and Management,Team 5639
5643,"Indian Institute of Management, Lucknow",Team 5643
5645,University Institute of Engineering & Technology(UIET),Team 5645
5647,"Vellore Institute of Technology, Vellore",Team 5647
5648,"CMR Institute Of Technology, Hyderabad",Team 5648
5651,"Hindustan College of Science and Technology, Mathura",Team 5651
5653,"Gargi College, Delhi",Team 5653
5655,"ABES Engineering College,  Ghaziabad",Team 5655
5656,#N/A,Team 5656
5658,"Ramjas College, Delhi",Team 5658
5661,I.E.T.M.J.P. ROHILKHAND UNIVERSITY BAREILLY,Team 5661
5664,"Symbiosis institute of Media and Communication(SIMC), Pune",Team 5664
5665,Gitam Institute of Management,Team 5665
5667,"College of Engineering, Pune",Team 5667
5670,People's Education Society,Team 5670
5671,"College of Technology, GBPUAT, Pantnagar",Team 5671
5672,"Indian Institute of Management, Indore",Team 5672
5678,"Institute of Technology, GGV, Bilaspur",Team 5678
5679,Lucknow University,Team 5679
5682,"CMR Institute Of Technology, Hyderabad",Team 5682
5687,"Rishiraj Institute Of Technology,Indore",Team 5687
5690,"D.A.V College for girls, Yamunanagar(Haryana)",Team 5690
5695,"Fr. Agnel College of Arts & Commerce, Goa",Team 5695
5696,"Indian Institute of Management, Ahmedabad",Team 5696
5697,Narasaraopeta Engineering College,Team 5697
5699,"Dronacharya College of Engineering, Gurgaon",Team 5699
5702,"Vishwakarma Institute of Technology, Pune",Team 5702
5707,"JAGANNATH UNIVERSITY ,JAIPUR",Team 5707
5708,"Indian Institute of Technology, Madras",Team 5708
5709,"D.A.V College for girls, Yamunanagar(Haryana)",Team 5709
5714,DAV COLLEGE FOR GIRLS YAMUNA NAGAR,Team 5714
5716,"GLA institute of technology & management(GLA-ITM) , Mathura",Team 5716
5717,"Gandhi Institute of Technology and Management University (GITAM),Vishakhapatnam",Team 5717
5719,"D.A.V. College for Girls, Yamunanagar, Haryana",Team 5719
5725,AR SCHOOL OF BUSINESS,Team 5725
5727,Isabella Thoburn College,Team 5727
5729,prannath pranami institute of management and technology,Team 5729
5730,"Dr.Mahalingam College Of Engineering and Technology, Pollachi",Team 5730
5731,"Indian Institute of Technology, Madras",Team 5731
5735,I.g.e.c. sagar,Team 5735
5738,"Delhi College of Engineering, Delhi",Team 5738
5739,University Institute of Engineering & Technology(UIET),Team 5739
5741,"H K College of Pharmacy, Mumbai",Team 5741
5743,"Indian Institute of Management, Ahmedabad",Team 5743
5749,"Lady Hardinge Medical College, Delhi",Team 5749
5751,"National Institute of Technology, Rourkela",Team 5751
5756,"Dronacharya College of Engineering, Gurgaon",Team 5756
5761,Rishiraj Institute of Technology,Team 5761
5762,"Indian Institute of Technology, Kharagpur",Team 5762
5764,"Dronacharya College of Engineering, Gurgaon",Team 5764
5766,"SRM UNIVERSITY, CHENNAI",Team 5766
5768,"Integral University, Lucknow",Team 5768
5770,Isabella Thoburn degree college,Team 5770
5783,"R.V.R & J.C College of Engineering, Guntur",Team 5783
5786,"Birla Institute of Technology, Ranchi",Team 5786
5788,"S.R.M Engineering College, Chennai",Team 5788
5790,"Indian Institute of Technology, Madras",Team 5790
5791,Lucknow University,Team 5791
5793,"National Institute of Technology , Meghalaya",Team 5793
5795,Dr. H.S. Gour University Sagar,Team 5795
5797,Makhanlal Chaturvedi National University of Journalism,Team 5797
5801,NIIT University,Team 5801
5807,"Sinhgad Institute of Technology and Science,Narhe",Team 5807
5809,Khalsa College Of Engineering And Technology,Team 5809
5812,"Invertis University, Bareilly",Team 5812
5813,"Veer Mata Jijabai Technological Institute(VJTI), Mumbai",Team 5813
5814,"Gandhi Institute of Technology and Management University (GITAM),Vishakhapatnam",Team 5814
5819,"Dronacharya College of Engineering, Gurgaon",Team 5819
5821,"Bholabhai Patel College of Computer Studies, Gandhinagar",Team 5821
5824,"Rishiraj Institute Of Technology,Indore",Team 5824
5826,"JNTU College of Engineering, Hyderabad",Team 5826
5829,"NALSAR, Hyderabad",Team 5829
5833,"Dronacharya College of Engineering, Gurgaon",Team 5833
5835,TERI UNIVERSITY,Team 5835
5842,Ambedkar Institute of Advanced Communication Technologies & Research,Team 5842
5845,"Indian Institute of Technology, Patna",Team 5845
5850,"University Institute of Technology, Rajiv Gandhi Prodyogiki Vishwavidyalaya",Team 5850
5854,"DAV College, Chandigarh",Team 5854
5858,"Institute of Law, Nirma University, Ahmedabad",Team 5858
5860,"University of Hyderabad, Hyderabad",Team 5860
5861,"N.C.College of Engineering, Israna, Panipat",Team 5861
5864,Aligarh Muslim University,Team 5864
5865,Rajiv Gandhi University of Knowledge Technologies,Team 5865
5867,varada reddy  college of engineering,Team 5867
5874,B.V. Bhoomaraddi College of Engineering and Technology,Team 5874
5875,"Sardar Valabhbhai National Institute of Technology, Surat",Team 5875
5877,"Indian Institute of Management, Calcutta",Team 5877
5881,"S.R.M Engineering College, Chennai",Team 5881
5882,Saranathan College of Engineering,Team 5882
5887,"Lovely Professional University,Punjab",Team 5887
5888,"Dehradun Institute Of Technology University, Dehradun",Team 5888
5890,"MIT COE, Pune",Team 5890
5892,"Indian Institute of Management, Calcutta",Team 5892
5895,"Birla Institute of Technology, Ranchi",Team 5895
5897,kiit school of biotechnology,Team 5897
5898,"Dronacharya College of Engineering, Gurgaon",Team 5898
5900,SRM Universiy Chennai,Team 5900
5909,"Dronacharya College of Engineering, Gurgaon",Team 5909
5917,"National Law University, Jodhpur",Team 5917
5921,"G.B Pant Government Engineering College, New Delhi",Team 5921
5925,"Dehradun Institute Of Technology University, Dehradun",Team 5925
5928,"Indian Institute of Management, Ahmedabad",Team 5928
5931,"Dronacharya College of Engineering, Gurgaon",Team 5931
5932,Netaji Subhash Engineering College,Team 5932
5940,"Indian Institute of Management, Calcutta",Team 5940
5943,"Indian Institute of Management, Bangalore",Team 5943
5949,"Mahatma Jyotiba Phule Rohilkhand University, Bareilly",Team 5949
5953,"UIET, Panjab University",Team 5953
5957,Raghu Engineering College,Team 5957
5960,"National Institute of Technology, Raipur",Team 5960
5961,"Indian School of Mines, Dhanbad",Team 5961
5965,Lucknow University,Team 5965
5966,"Indian Institute of Technology, Kharagpur",Team 5966
5969,"Nirma University, Ahmedabad",Team 5969
5970,"Maulana Azad National Institute of Technology, Bhopal",Team 5970
5971,"Indian Institute of Management, Ranchi",Team 5971
5972,"Dronacharya College of Engineering, Gurgaon",Team 5972
5973,"Indian Institute of Management, Indore",Team 5973
5974,Medicaps Group of Institutions,Team 5974
5987,"Nirma University, Ahmedabad",Team 5987
5989,"GITAM UNIVERSITY,HYDERABAD",Team 5989
5994,"Indian School of Business (ISB), Hyderabad",Team 5994
5997,"patel college of science and technology, bhopal",Team 5997
6002,"Nirma University, Ahmedabad",Team 6002
6031,#N/A,Team 6031
6032,"University of Hyderabad, Hyderabad",Team 6032
6034,"Lovely Professional University,Punjab",Team 6034
6038,"GLA institute of technology & management(GLA-ITM) , Mathura",Team 6038
6043,"International Institute of Information Technology, Hyderabad",Team 6043
6048,APG Shimla University,Team 6048
6054,"Rishiraj Institute Of Technology,Indore",Team 6054
6057,"Dronacharya College of Engineering, Gurgaon",Team 6057
6058,Dronacharya college of engineering,Team 6058
6066,Galgotias University,Team 6066
6073,"Easwari Engineering College,Chennai",Team 6073
6079,"Indian Institute of Management, Ahmedabad",Team 6079
6080,"Indian Institute of Technology, Kanpur",Team 6080
6083,"Indian Institute of Information Technology, Allahabad",Team 6083
6086,Alpha College of Engineeering and Technology,Team 6086
6087,"Dayalbagh Educational Institute ,Dayalbagh, Agra",Team 6087
6097,"Indira Gandhi Delhi Technical University for Women, Delhi",Team 6097
6099,"University of Petroleum & Energy Studies, Dehradun",Team 6099
6100,"University of Petroleum & Energy Studies, Dehradun",Team 6100
6104,"National Institute of Technology, Rourkela",Team 6104
6109,Rajiv Gandhi University of Knowledge Technologies,Team 6109
6113,"Christ University Institute of Management (CUIM), Bangalore",Team 6113
